"id";"vpu_id";"decision";"resource_type";"avg_usage";"max_usage";"forecasted_max";"scale_percent";"itis_ticket_number";"action_status";"remarks";"run_id";"created_at"
1;506;"scale_down";"memory";4.19;4.5;4.07;50.0;"";"";"";"1";"2026-06-21 07:52:37"
2;509;"no_change";"memory";57.4;59.51;61.53;0.0;"";"";"";"2";"2026-06-21 07:52:37"
3;505;"no_change";"memory";71.03;71.87;73.46;0.0;"";"";"";"3";"2026-06-21 07:52:37"
4;510;"no_change";"memory";53.41;54.99;59.42;0.0;"";"";"";"4";"2026-06-21 07:52:37"
5;508;"no_change";"memory";74.6;74.91;75.13;0.0;"";"";"";"5";"2026-06-21 07:52:38"
6;507;"no_change";"memory";56.06;57.19;56.12;0.0;"";"";"";"6";"2026-06-21 07:52:38"
7;512;"no_change";"memory";50.24;51.15;43.14;0.0;"";"";"";"7";"2026-06-21 07:52:38"
8;511;"no_change";"memory";48.36;49.52;50.46;0.0;"";"";"";"8";"2026-06-21 07:52:38"
9;514;"no_change";"memory";52.28;54.02;53.32;0.0;"";"";"";"9";"2026-06-21 07:52:39"
10;513;"no_change";"memory";61.5;62.62;56.38;0.0;"";"";"";"10";"2026-06-21 07:52:39"
11;515;"no_change";"memory";63.63;65.02;68.31;0.0;"";"";"";"11";"2026-06-21 07:58:38"
12;516;"no_change";"memory";56.0;57.35;59.74;0.0;"";"";"";"12";"2026-06-21 07:58:38"
13;517;"scale_down";"memory";37.3;39.52;42.75;25.0;"";"";"";"13";"2026-06-21 07:58:38"
14;518;"no_change";"memory";71.7;73.14;73.29;0.0;"";"";"";"14";"2026-06-21 07:58:38"
15;519;"scale_down";"memory";24.0;25.19;24.75;50.0;"";"";"";"15";"2026-06-21 07:58:39"
16;520;"scale_down";"memory";28.03;29.39;29.11;50.0;"";"";"";"16";"2026-06-21 07:58:39"
17;521;"scale_down";"memory";31.67;33.5;31.07;25.0;"";"";"";"17";"2026-06-21 07:58:39"
18;522;"scale_down";"memory";24.62;25.53;24.63;50.0;"";"";"";"18";"2026-06-21 07:58:39"
19;523;"no_change";"memory";67.66;71.33;67.99;0.0;"";"";"";"19";"2026-06-21 07:58:40"
20;524;"no_change";"memory";54.92;55.5;27.11;0.0;"";"";"";"20";"2026-06-21 07:58:40"
21;525;"no_change";"memory";67.41;68.8;72.35;0.0;"";"";"";"21";"2026-06-21 08:04:49"
22;526;"scale_down";"memory";28.24;29.28;30.1;50.0;"";"";"";"22";"2026-06-21 08:04:49"
23;527;"no_change";"memory";78.3;81.46;79.48;0.0;"";"";"";"23";"2026-06-21 08:04:50"
24;528;"scale_down";"memory";36.73;37.52;30.67;25.0;"";"";"";"24";"2026-06-21 08:04:50"
25;529;"scale_down";"memory";15.96;16.15;12.54;50.0;"";"";"";"25";"2026-06-21 08:04:50"
26;530;"no_change";"memory";82.01;82.89;43.31;0.0;"";"";"";"26";"2026-06-21 08:04:50"
27;531;"no_change";"memory";77.51;77.64;79.26;0.0;"";"";"";"27";"2026-06-21 08:04:51"
28;532;"no_change";"memory";61.22;61.27;61.58;0.0;"";"";"";"28";"2026-06-21 08:04:51"
29;533;"no_change";"memory";80.49;80.52;81.62;0.0;"";"";"";"29";"2026-06-21 08:04:51"
30;534;"scale_down";"memory";16.57;17.13;19.79;50.0;"";"";"";"30";"2026-06-21 08:04:51"
31;535;"scale_down";"memory";10.6;16.61;12.27;50.0;"";"";"";"31";"2026-06-21 08:10:40"
32;536;"scale_down";"memory";9.1;14.61;7.26;50.0;"";"";"";"32";"2026-06-21 08:10:41"
33;537;"scale_down";"memory";19.32;19.89;17.05;50.0;"";"";"";"33";"2026-06-21 08:10:41"
34;538;"scale_down";"memory";10.71;11.14;12.91;50.0;"";"";"";"34";"2026-06-21 08:10:41"
35;539;"no_change";"memory";68.44;70.48;66.44;0.0;"";"";"";"35";"2026-06-21 08:10:41"
36;540;"scale_down";"memory";31.85;32.18;43.83;25.0;"";"";"";"36";"2026-06-21 08:10:42"
37;541;"no_change";"memory";69.09;69.82;72.87;0.0;"";"";"";"37";"2026-06-21 08:10:42"
38;542;"no_change";"memory";56.04;56.55;57.21;0.0;"";"";"";"38";"2026-06-21 08:10:42"
39;543;"scale_down";"memory";19.84;20.28;19.35;50.0;"";"";"";"39";"2026-06-21 08:10:42"
40;544;"no_change";"memory";55.12;56.68;59.01;0.0;"";"";"";"40";"2026-06-21 08:10:43"
41;545;"no_change";"memory";49.57;51.66;51.53;0.0;"";"";"";"41";"2026-06-21 08:16:40"
42;546;"no_change";"memory";42.45;43.58;43.72;0.0;"";"";"";"42";"2026-06-21 08:16:40"
43;547;"scale_down";"memory";38.8;40.28;40.34;25.0;"";"";"";"43";"2026-06-21 08:16:41"
44;548;"no_change";"memory";55.29;58.44;53.81;0.0;"";"";"";"44";"2026-06-21 08:16:41"
45;549;"scale_down";"memory";37.58;39.61;35.69;25.0;"";"";"";"45";"2026-06-21 08:16:41"
46;550;"no_change";"memory";46.77;48.47;49.95;0.0;"";"";"";"46";"2026-06-21 08:16:41"
47;551;"no_change";"memory";66.58;73.7;67.89;0.0;"";"";"";"47";"2026-06-21 08:16:42"
48;552;"scale_down";"memory";33.9;35.57;33.49;25.0;"";"";"";"48";"2026-06-21 08:16:42"
49;553;"no_change";"memory";40.97;43.16;40.51;0.0;"";"";"";"49";"2026-06-21 08:16:42"
50;554;"no_change";"memory";44.56;46.07;43.25;0.0;"";"";"";"50";"2026-06-21 08:16:42"
51;555;"no_change";"memory";70.82;72.05;73.81;0.0;"";"";"";"51";"2026-06-21 08:22:41"
52;556;"no_change";"memory";54.05;56.08;54.5;0.0;"";"";"";"52";"2026-06-21 08:22:42"
53;557;"scale_down";"memory";38.58;41.27;36.89;25.0;"";"";"";"53";"2026-06-21 08:22:42"
54;558;"scale_down";"memory";6.05;6.1;5.89;50.0;"";"";"";"54";"2026-06-21 08:22:42"
55;559;"no_change";"memory";43.12;46.7;39.53;0.0;"";"";"";"55";"2026-06-21 08:22:42"
56;560;"no_change";"memory";44.77;46.25;44.2;0.0;"";"";"";"56";"2026-06-21 08:22:42"
57;561;"scale_down";"memory";33.62;35.77;30.7;25.0;"";"";"";"57";"2026-06-21 08:22:43"
58;562;"no_change";"memory";41.29;42.75;41.84;0.0;"";"";"";"58";"2026-06-21 08:22:43"
59;563;"scale_down";"memory";31.7;32.58;33.68;25.0;"";"";"";"59";"2026-06-21 08:22:43"
60;564;"no_change";"memory";42.6;44.33;43.91;0.0;"";"";"";"60";"2026-06-21 08:22:43"
61;565;"no_change";"memory";41.45;48.74;26.35;0.0;"";"";"";"61";"2026-06-21 08:28:53"
62;566;"no_change";"memory";48.41;51.21;49.39;0.0;"";"";"";"62";"2026-06-21 08:28:53"
63;567;"no_change";"memory";57.06;64.74;54.28;0.0;"";"";"";"63";"2026-06-21 08:28:54"
64;568;"no_change";"memory";73.44;74.7;31.0;0.0;"";"";"";"64";"2026-06-21 08:28:54"
65;569;"scale_down";"memory";36.17;40.19;37.99;25.0;"";"";"";"65";"2026-06-21 08:28:54"
66;570;"scale_down";"memory";25.85;27.5;24.0;50.0;"";"";"";"66";"2026-06-21 08:28:54"
67;571;"scale_down";"memory";29.01;30.2;30.93;50.0;"";"";"";"67";"2026-06-21 08:28:55"
68;572;"scale_down";"memory";37.03;40.71;37.03;25.0;"";"";"";"68";"2026-06-21 08:28:55"
69;573;"no_change";"memory";55.2;62.36;30.0;0.0;"";"";"";"69";"2026-06-21 08:28:55"
70;574;"scale_down";"memory";29.37;30.21;35.03;50.0;"";"";"";"70";"2026-06-21 08:28:55"
71;575;"no_change";"memory";48.39;49.78;50.17;0.0;"";"";"";"71";"2026-06-21 08:34:45"
72;576;"no_change";"memory";45.24;47.25;46.53;0.0;"";"";"";"72";"2026-06-21 08:34:45"
73;577;"no_change";"memory";52.1;54.39;64.23;0.0;"";"";"";"73";"2026-06-21 08:34:46"
74;578;"no_change";"memory";41.14;41.9;43.68;0.0;"";"";"";"74";"2026-06-21 08:34:46"
75;579;"no_change";"memory";69.74;71.91;65.92;0.0;"";"";"";"75";"2026-06-21 08:34:46"
76;580;"no_change";"memory";68.18;69.76;67.41;0.0;"";"";"";"76";"2026-06-21 08:34:46"
77;581;"no_change";"memory";40.26;41.95;41.05;0.0;"";"";"";"77";"2026-06-21 08:34:47"
78;582;"scale_down";"memory";38.18;44.74;22.64;25.0;"";"";"";"78";"2026-06-21 08:34:47"
79;583;"no_change";"memory";74.78;80.78;76.53;0.0;"";"";"";"79";"2026-06-21 08:34:47"
80;584;"no_change";"memory";52.4;56.99;51.3;0.0;"";"";"";"80";"2026-06-21 08:34:47"
81;585;"no_change";"memory";50.37;53.47;51.48;0.0;"";"";"";"81";"2026-06-21 08:40:44"
82;586;"no_change";"memory";57.82;59.63;57.12;0.0;"";"";"";"82";"2026-06-21 08:40:45"
83;587;"no_change";"memory";68.27;70.2;53.38;0.0;"";"";"";"83";"2026-06-21 08:40:45"
84;588;"no_change";"memory";49.13;56.13;54.25;0.0;"";"";"";"84";"2026-06-21 08:40:45"
85;589;"no_change";"memory";59.23;67.04;61.62;0.0;"";"";"";"85";"2026-06-21 08:40:45"
86;590;"no_change";"memory";53.16;54.07;50.41;0.0;"";"";"";"86";"2026-06-21 08:40:46"
87;591;"no_change";"memory";75.98;80.15;79.08;0.0;"";"";"";"87";"2026-06-21 08:40:46"
88;592;"no_change";"memory";64.23;65.75;64.06;0.0;"";"";"";"88";"2026-06-21 08:40:46"
89;593;"no_change";"memory";63.63;65.32;63.3;0.0;"";"";"";"89";"2026-06-21 08:40:46"
90;594;"no_change";"memory";55.43;59.22;26.29;0.0;"";"";"";"90";"2026-06-21 08:40:47"
91;595;"scale_down";"memory";33.56;34.76;43.49;25.0;"";"";"";"91";"2026-06-21 08:46:50"
92;596;"scale_down";"memory";31.34;32.66;30.43;25.0;"";"";"";"92";"2026-06-21 08:46:50"
93;597;"no_change";"memory";48.06;52.02;52.17;0.0;"";"";"";"93";"2026-06-21 08:46:50"
94;598;"no_change";"memory";51.32;52.85;55.92;0.0;"";"";"";"94";"2026-06-21 08:46:51"
95;599;"no_change";"memory";51.42;53.48;46.87;0.0;"";"";"";"95";"2026-06-21 08:46:51"
96;600;"no_change";"memory";41.11;56.59;56.27;0.0;"";"";"";"96";"2026-06-21 08:46:51"
97;601;"no_change";"memory";46.66;47.66;50.99;0.0;"";"";"";"97";"2026-06-21 08:46:51"
98;602;"no_change";"memory";50.67;52.05;52.07;0.0;"";"";"";"98";"2026-06-21 08:46:52"
99;603;"scale_down";"memory";30.49;31.29;31.71;25.0;"";"";"";"99";"2026-06-21 08:46:52"
100;604;"scale_down";"memory";17.86;20.56;21.94;50.0;"";"";"";"100";"2026-06-21 08:46:52"
101;605;"no_change";"memory";57.88;59.76;59.68;0.0;"";"";"";"101";"2026-06-21 08:52:50"
102;606;"no_change";"memory";47.02;47.25;51.15;0.0;"";"";"";"102";"2026-06-21 08:52:50"
103;607;"scale_down";"memory";22.8;23.15;29.97;50.0;"";"";"";"103";"2026-06-21 08:52:51"
104;608;"scale_down";"memory";22.89;23.87;22.17;50.0;"";"";"";"104";"2026-06-21 08:52:51"
105;609;"scale_down";"memory";39.37;41.8;36.43;25.0;"";"";"";"105";"2026-06-21 08:52:51"
106;610;"scale_down";"memory";35.23;36.4;33.27;25.0;"";"";"";"106";"2026-06-21 08:52:51"
107;611;"scale_down";"memory";35.41;36.57;42.88;25.0;"";"";"";"107";"2026-06-21 08:52:51"
108;612;"scale_down";"memory";34.79;37.06;32.6;25.0;"";"";"";"108";"2026-06-21 08:52:52"
109;613;"no_change";"memory";50.72;53.62;58.54;0.0;"";"";"";"109";"2026-06-21 08:52:52"
110;614;"no_change";"memory";53.83;56.84;50.46;0.0;"";"";"";"110";"2026-06-21 08:52:52"
111;615;"no_change";"memory";42.37;43.45;39.19;0.0;"";"";"";"111";"2026-06-21 08:58:44"
112;616;"no_change";"memory";42.43;43.74;39.3;0.0;"";"";"";"112";"2026-06-21 08:58:44"
113;617;"no_change";"memory";48.24;50.57;45.58;0.0;"";"";"";"113";"2026-06-21 08:58:44"
114;618;"no_change";"memory";61.85;66.95;61.4;0.0;"";"";"";"114";"2026-06-21 08:58:44"
115;619;"no_change";"memory";46.36;48.27;57.57;0.0;"";"";"";"115";"2026-06-21 08:58:45"
116;620;"no_change";"memory";67.72;68.9;62.81;0.0;"";"";"";"116";"2026-06-21 08:58:45"
117;621;"no_change";"memory";55.85;61.86;60.82;0.0;"";"";"";"117";"2026-06-21 08:58:45"
118;622;"no_change";"memory";72.14;72.54;79.98;0.0;"";"";"";"118";"2026-06-21 08:58:45"
119;623;"scale_down";"memory";21.74;23.03;19.9;50.0;"";"";"";"119";"2026-06-21 08:58:45"
120;624;"no_change";"memory";57.88;59.68;64.6;0.0;"";"";"";"120";"2026-06-21 08:58:46"
121;625;"scale_up";"memory";72.42;77.86;93.08;25.0;"";"";"";"121";"2026-06-21 09:04:36"
122;626;"scale_down";"memory";23.56;25.22;26.99;50.0;"";"";"";"122";"2026-06-21 09:04:36"
123;627;"no_change";"memory";48.44;49.93;55.49;0.0;"";"";"";"123";"2026-06-21 09:04:36"
124;628;"no_change";"memory";58.56;60.55;59.09;0.0;"";"";"";"124";"2026-06-21 09:04:37"
125;629;"no_change";"memory";40.1;42.97;56.23;0.0;"";"";"";"125";"2026-06-21 09:04:37"
126;630;"no_change";"memory";40.39;42.79;57.15;0.0;"";"";"";"126";"2026-06-21 09:04:37"
127;631;"no_change";"memory";40.54;42.83;44.92;0.0;"";"";"";"127";"2026-06-21 09:04:37"
128;632;"scale_down";"memory";23.69;26.13;8.58;50.0;"";"";"";"128";"2026-06-21 09:04:38"
129;633;"no_change";"memory";64.32;66.52;66.47;0.0;"";"";"";"129";"2026-06-21 09:04:38"
130;634;"no_change";"memory";52.74;54.89;56.76;0.0;"";"";"";"130";"2026-06-21 09:04:38"
131;635;"no_change";"memory";59.3;61.75;59.24;0.0;"";"";"";"131";"2026-06-21 09:10:50"
132;636;"scale_down";"memory";33.64;33.9;34.25;25.0;"";"";"";"132";"2026-06-21 09:10:50"
133;637;"no_change";"memory";41.53;50.2;43.15;0.0;"";"";"";"133";"2026-06-21 09:10:50"
134;638;"scale_down";"memory";39.07;40.25;40.09;25.0;"";"";"";"134";"2026-06-21 09:10:50"
135;639;"no_change";"memory";52.64;54.85;47.99;0.0;"";"";"";"135";"2026-06-21 09:10:51"
136;640;"no_change";"memory";76.86;77.82;80.68;0.0;"";"";"";"136";"2026-06-21 09:10:51"
137;641;"no_change";"memory";52.4;53.48;52.48;0.0;"";"";"";"137";"2026-06-21 09:10:51"
138;642;"no_change";"memory";70.15;72.49;66.23;0.0;"";"";"";"138";"2026-06-21 09:10:51"
139;643;"no_change";"memory";68.09;69.89;77.6;0.0;"";"";"";"139";"2026-06-21 09:10:52"
140;644;"no_change";"memory";62.73;64.69;155.24;0.0;"";"";"";"140";"2026-06-21 09:10:52"
141;645;"no_change";"memory";68.39;70.75;70.23;0.0;"";"";"";"141";"2026-06-21 09:16:55"
142;646;"no_change";"memory";71.65;73.97;74.1;0.0;"";"";"";"142";"2026-06-21 09:16:55"
143;647;"no_change";"memory";76.85;78.08;67.36;0.0;"";"";"";"143";"2026-06-21 09:16:55"
144;648;"scale_down";"memory";35.03;37.7;46.59;25.0;"";"";"";"144";"2026-06-21 09:16:56"
145;649;"scale_down";"memory";32.15;34.01;38.67;25.0;"";"";"";"145";"2026-06-21 09:16:56"
146;650;"scale_down";"memory";33.01;34.69;16.94;25.0;"";"";"";"146";"2026-06-21 09:16:56"
147;651;"scale_down";"memory";19.12;21.2;16.49;50.0;"";"";"";"147";"2026-06-21 09:16:56"
148;652;"scale_down";"memory";11.95;12.2;12.89;50.0;"";"";"";"148";"2026-06-21 09:16:57"
149;653;"no_change";"memory";50.25;50.55;61.99;0.0;"";"";"";"149";"2026-06-21 09:16:57"
150;654;"scale_down";"memory";35.17;36.49;42.24;25.0;"";"";"";"150";"2026-06-21 09:16:57"
151;655;"no_change";"memory";73.51;75.38;75.19;0.0;"";"";"";"151";"2026-06-21 09:22:53"
152;656;"scale_down";"memory";36.34;36.57;36.43;25.0;"";"";"";"152";"2026-06-21 09:22:54"
153;657;"scale_down";"memory";20.19;20.75;17.47;50.0;"";"";"";"153";"2026-06-21 09:22:54"
154;658;"scale_down";"memory";31.11;38.09;32.66;25.0;"";"";"";"154";"2026-06-21 09:22:54"
155;659;"scale_down";"memory";19.27;21.4;23.32;50.0;"";"";"";"155";"2026-06-21 09:22:54"
156;660;"scale_down";"memory";38.66;40.53;34.95;25.0;"";"";"";"156";"2026-06-21 09:22:55"
157;661;"scale_down";"memory";35.33;36.78;33.68;25.0;"";"";"";"157";"2026-06-21 09:22:55"
158;662;"scale_down";"memory";36.27;37.98;34.46;25.0;"";"";"";"158";"2026-06-21 09:22:55"
159;663;"scale_down";"memory";32.08;32.96;35.49;25.0;"";"";"";"159";"2026-06-21 09:22:55"
160;664;"scale_down";"memory";39.8;41.97;48.78;25.0;"";"";"";"160";"2026-06-21 09:22:55"
161;665;"scale_down";"memory";17.74;20.56;19.34;50.0;"";"";"";"161";"2026-06-21 09:28:42"
162;666;"scale_down";"memory";20.89;23.68;20.88;50.0;"";"";"";"162";"2026-06-21 09:28:42"
163;667;"scale_down";"memory";20.12;23.46;22.39;50.0;"";"";"";"163";"2026-06-21 09:28:43"
164;668;"no_change";"memory";52.85;54.36;32.13;0.0;"";"";"";"164";"2026-06-21 09:28:43"
165;669;"scale_down";"memory";32.44;35.09;30.85;25.0;"";"";"";"165";"2026-06-21 09:28:43"
166;670;"no_change";"memory";48.56;50.77;51.32;0.0;"";"";"";"166";"2026-06-21 09:28:43"
167;671;"no_change";"memory";51.08;52.91;46.2;0.0;"";"";"";"167";"2026-06-21 09:28:43"
168;672;"scale_down";"memory";25.64;27.46;23.77;50.0;"";"";"";"168";"2026-06-21 09:28:44"
169;673;"scale_down";"memory";23.65;26.41;28.27;50.0;"";"";"";"169";"2026-06-21 09:28:44"
170;674;"no_change";"memory";71.97;72.66;72.62;0.0;"";"";"";"170";"2026-06-21 09:28:44"
171;675;"scale_down";"memory";29.29;30.47;29.54;50.0;"";"";"";"171";"2026-06-21 09:34:54"
172;676;"no_change";"memory";40.49;41.99;53.73;0.0;"";"";"";"172";"2026-06-21 09:34:54"
173;677;"no_change";"memory";45.83;46.99;134.79;0.0;"";"";"";"173";"2026-06-21 09:34:54"
174;678;"no_change";"memory";46.41;47.74;52.24;0.0;"";"";"";"174";"2026-06-21 09:34:54"
175;679;"scale_down";"memory";28.05;28.9;25.56;50.0;"";"";"";"175";"2026-06-21 09:34:55"
176;680;"no_change";"memory";72.26;73.57;68.56;0.0;"";"";"";"176";"2026-06-21 09:34:55"
177;681;"scale_down";"memory";38.36;40.11;33.75;25.0;"";"";"";"177";"2026-06-21 09:34:55"
178;682;"no_change";"memory";68.69;69.92;63.44;0.0;"";"";"";"178";"2026-06-21 09:34:55"
179;683;"no_change";"memory";76.39;78.66;76.95;0.0;"";"";"";"179";"2026-06-21 09:34:56"
180;684;"scale_down";"memory";30.68;31.73;31.12;25.0;"";"";"";"180";"2026-06-21 09:34:56"
181;685;"scale_down";"memory";30.54;32.19;30.26;25.0;"";"";"";"181";"2026-06-21 09:41:05"
182;686;"no_change";"memory";47.6;49.27;54.71;0.0;"";"";"";"182";"2026-06-21 09:41:05"
183;687;"no_change";"memory";45.24;51.4;38.4;0.0;"";"";"";"183";"2026-06-21 09:41:05"
184;688;"no_change";"memory";43.69;46.16;45.36;0.0;"";"";"";"184";"2026-06-21 09:41:06"
185;689;"no_change";"memory";49.79;52.0;49.58;0.0;"";"";"";"185";"2026-06-21 09:41:06"
186;690;"no_change";"memory";62.65;66.12;49.93;0.0;"";"";"";"186";"2026-06-21 09:41:06"
187;691;"no_change";"memory";53.47;56.58;57.46;0.0;"";"";"";"187";"2026-06-21 09:41:06"
188;692;"no_change";"memory";56.96;59.4;60.63;0.0;"";"";"";"188";"2026-06-21 09:41:07"
189;693;"no_change";"memory";58.43;61.46;60.41;0.0;"";"";"";"189";"2026-06-21 09:41:07"
190;694;"no_change";"memory";62.82;64.9;61.39;0.0;"";"";"";"190";"2026-06-21 09:41:07"
191;695;"no_change";"memory";45.8;49.81;58.71;0.0;"";"";"";"191";"2026-06-21 09:47:05"
192;696;"no_change";"memory";58.22;61.46;68.26;0.0;"";"";"";"192";"2026-06-21 09:47:05"
193;697;"no_change";"memory";69.8;72.04;69.65;0.0;"";"";"";"193";"2026-06-21 09:47:05"
194;698;"no_change";"memory";73.72;75.42;76.9;0.0;"";"";"";"194";"2026-06-21 09:47:05"
195;699;"scale_down";"memory";21.64;22.39;23.86;50.0;"";"";"";"195";"2026-06-21 09:47:06"
196;700;"scale_down";"memory";34.64;35.54;34.79;25.0;"";"";"";"196";"2026-06-21 09:47:06"
197;701;"no_change";"memory";41.97;43.92;37.61;0.0;"";"";"";"197";"2026-06-21 09:47:06"
198;702;"scale_down";"memory";16.31;18.81;19.12;50.0;"";"";"";"198";"2026-06-21 09:47:06"
199;703;"no_change";"memory";68.9;72.49;69.01;0.0;"";"";"";"199";"2026-06-21 09:47:07"
200;704;"no_change";"memory";59.83;62.34;65.18;0.0;"";"";"";"200";"2026-06-21 09:47:07"
201;705;"no_change";"memory";54.41;56.7;54.9;0.0;"";"";"";"201";"2026-06-21 09:53:00"
202;706;"no_change";"memory";40.85;43.47;39.84;0.0;"";"";"";"202";"2026-06-21 09:53:00"
203;707;"no_change";"memory";49.53;51.44;47.46;0.0;"";"";"";"203";"2026-06-21 09:53:00"
204;708;"no_change";"memory";67.06;69.09;69.67;0.0;"";"";"";"204";"2026-06-21 09:53:01"
205;709;"no_change";"memory";58.65;60.91;55.25;0.0;"";"";"";"205";"2026-06-21 09:53:01"
206;710;"scale_down";"memory";34.23;34.64;39.94;25.0;"";"";"";"206";"2026-06-21 09:53:01"
207;711;"scale_down";"memory";32.25;33.59;32.78;25.0;"";"";"";"207";"2026-06-21 09:53:01"
208;712;"scale_down";"memory";25.24;25.71;26.99;50.0;"";"";"";"208";"2026-06-21 09:53:02"
209;713;"scale_down";"memory";14.0;14.18;16.0;50.0;"";"";"";"209";"2026-06-21 09:53:02"
210;714;"scale_down";"memory";34.25;35.0;32.73;25.0;"";"";"";"210";"2026-06-21 09:53:02"
211;715;"scale_down";"memory";23.29;23.69;25.01;50.0;"";"";"";"211";"2026-06-21 09:59:13"
212;716;"scale_down";"memory";23.2;23.8;25.16;50.0;"";"";"";"212";"2026-06-21 09:59:13"
213;717;"scale_down";"memory";32.59;33.2;32.11;25.0;"";"";"";"213";"2026-06-21 09:59:13"
214;718;"no_change";"memory";67.39;67.91;66.02;0.0;"";"";"";"214";"2026-06-21 09:59:14"
215;719;"no_change";"memory";71.61;75.67;72.2;0.0;"";"";"";"215";"2026-06-21 09:59:14"
216;720;"no_change";"memory";64.44;66.54;62.13;0.0;"";"";"";"216";"2026-06-21 09:59:14"
217;721;"scale_down";"memory";21.18;21.67;18.96;50.0;"";"";"";"217";"2026-06-21 09:59:14"
218;722;"no_change";"memory";40.51;42.41;39.6;0.0;"";"";"";"218";"2026-06-21 09:59:15"
219;723;"no_change";"memory";58.45;59.95;65.11;0.0;"";"";"";"219";"2026-06-21 09:59:15"
220;724;"scale_up";"memory";80.74;83.68;87.21;25.0;"";"";"";"220";"2026-06-21 09:59:15"
221;725;"no_change";"memory";49.25;50.63;51.41;0.0;"";"";"";"221";"2026-06-21 10:05:12"
222;726;"scale_down";"memory";19.41;32.79;21.87;50.0;"";"";"";"222";"2026-06-21 10:05:12"
223;727;"scale_down";"memory";33.6;34.84;34.03;25.0;"";"";"";"223";"2026-06-21 10:05:12"
224;728;"no_change";"memory";44.36;46.35;31.62;0.0;"";"";"";"224";"2026-06-21 10:05:12"
225;729;"no_change";"memory";80.69;83.32;81.41;0.0;"";"";"";"225";"2026-06-21 10:05:13"
226;730;"scale_down";"memory";15.51;16.3;17.51;50.0;"";"";"";"226";"2026-06-21 10:05:13"
227;731;"scale_down";"memory";16.45;17.39;19.27;50.0;"";"";"";"227";"2026-06-21 10:05:13"
228;732;"scale_down";"memory";16.58;17.52;18.82;50.0;"";"";"";"228";"2026-06-21 10:05:13"
229;733;"scale_down";"memory";31.33;32.28;37.91;25.0;"";"";"";"229";"2026-06-21 10:05:14"
230;734;"no_change";"memory";48.8;50.18;50.15;0.0;"";"";"";"230";"2026-06-21 10:05:14"
231;735;"scale_down";"memory";28.36;31.14;25.12;50.0;"";"";"";"231";"2026-06-21 10:11:10"
232;736;"scale_down";"memory";25.93;26.4;25.43;50.0;"";"";"";"232";"2026-06-21 10:11:10"
233;737;"no_change";"memory";75.59;79.77;62.39;0.0;"";"";"";"233";"2026-06-21 10:11:10"
234;738;"no_change";"memory";77.57;79.85;61.47;0.0;"";"";"";"234";"2026-06-21 10:11:11"
235;739;"scale_down";"memory";31.93;33.31;35.83;25.0;"";"";"";"235";"2026-06-21 10:11:11"
236;740;"no_change";"memory";46.55;47.39;58.02;0.0;"";"";"";"236";"2026-06-21 10:11:11"
237;741;"no_change";"memory";42.94;44.46;53.95;0.0;"";"";"";"237";"2026-06-21 10:11:11"
238;742;"no_change";"memory";51.66;52.1;53.32;0.0;"";"";"";"238";"2026-06-21 10:11:12"
239;743;"no_change";"memory";75.26;76.04;74.21;0.0;"";"";"";"239";"2026-06-21 10:11:12"
240;744;"no_change";"memory";70.63;70.63;69.86;0.0;"";"";"";"240";"2026-06-21 10:11:12"
241;745;"no_change";"memory";61.84;65.86;63.63;0.0;"";"";"";"241";"2026-06-21 10:17:05"
242;746;"scale_down";"memory";36.92;41.46;35.58;25.0;"";"";"";"242";"2026-06-21 10:17:05"
243;747;"no_change";"memory";62.41;67.28;59.21;0.0;"";"";"";"243";"2026-06-21 10:17:05"
244;748;"no_change";"memory";65.62;69.85;64.09;0.0;"";"";"";"244";"2026-06-21 10:17:06"
245;749;"no_change";"memory";41.73;43.26;48.23;0.0;"";"";"";"245";"2026-06-21 10:17:06"
246;750;"scale_down";"memory";27.23;28.45;26.05;50.0;"";"";"";"246";"2026-06-21 10:17:06"
247;751;"no_change";"memory";55.89;59.41;70.62;0.0;"";"";"";"247";"2026-06-21 10:17:06"
248;752;"scale_down";"memory";26.6;30.27;31.32;50.0;"";"";"";"248";"2026-06-21 10:17:06"
249;753;"no_change";"memory";71.1;72.85;71.71;0.0;"";"";"";"249";"2026-06-21 10:17:07"
250;754;"no_change";"memory";43.26;45.06;40.74;0.0;"";"";"";"250";"2026-06-21 10:17:07"
251;755;"scale_down";"memory";31.29;32.22;26.82;25.0;"";"";"";"251";"2026-06-21 10:23:04"
252;756;"no_change";"memory";51.45;54.11;60.89;0.0;"";"";"";"252";"2026-06-21 10:23:04"
253;757;"no_change";"memory";59.78;61.48;61.82;0.0;"";"";"";"253";"2026-06-21 10:23:05"
254;758;"no_change";"memory";73.22;76.12;75.14;0.0;"";"";"";"254";"2026-06-21 10:23:05"
255;759;"no_change";"memory";55.34;56.5;55.72;0.0;"";"";"";"255";"2026-06-21 10:23:05"
256;760;"no_change";"memory";75.83;77.19;74.11;0.0;"";"";"";"256";"2026-06-21 10:23:05"
257;761;"no_change";"memory";60.64;62.34;61.25;0.0;"";"";"";"257";"2026-06-21 10:23:05"
258;762;"no_change";"memory";56.34;59.02;56.29;0.0;"";"";"";"258";"2026-06-21 10:23:06"
259;763;"no_change";"memory";62.41;67.14;63.47;0.0;"";"";"";"259";"2026-06-21 10:23:06"
260;764;"no_change";"memory";47.29;49.49;48.12;0.0;"";"";"";"260";"2026-06-21 10:23:06"
261;765;"no_change";"memory";51.39;54.88;53.56;0.0;"";"";"";"261";"2026-06-21 10:28:53"
262;766;"no_change";"memory";55.3;57.21;57.5;0.0;"";"";"";"262";"2026-06-21 10:28:53"
263;767;"no_change";"memory";69.49;70.85;70.56;0.0;"";"";"";"263";"2026-06-21 10:28:53"
264;768;"no_change";"memory";55.55;57.02;56.96;0.0;"";"";"";"264";"2026-06-21 10:28:54"
265;769;"no_change";"memory";71.11;74.02;73.4;0.0;"";"";"";"265";"2026-06-21 10:28:54"
266;770;"scale_down";"memory";33.6;36.51;35.43;25.0;"";"";"";"266";"2026-06-21 10:28:54"
267;771;"no_change";"memory";44.44;47.02;44.27;0.0;"";"";"";"267";"2026-06-21 10:28:54"
268;772;"no_change";"memory";40.36;41.35;32.79;0.0;"";"";"";"268";"2026-06-21 10:28:55"
269;773;"no_change";"memory";55.62;56.84;58.42;0.0;"";"";"";"269";"2026-06-21 10:28:55"
270;774;"scale_down";"memory";17.15;17.41;18.26;50.0;"";"";"";"270";"2026-06-21 10:28:55"
271;776;"no_change";"memory";52.16;53.46;40.12;0.0;"";"";"";"272";"2026-06-21 10:34:19"
272;777;"no_change";"memory";76.63;78.05;79.82;0.0;"";"";"";"273";"2026-06-21 10:34:19"
273;778;"no_change";"memory";43.76;45.42;43.32;0.0;"";"";"";"274";"2026-06-21 10:34:19"
274;779;"no_change";"memory";45.24;46.27;45.36;0.0;"";"";"";"275";"2026-06-21 10:34:20"
275;780;"no_change";"memory";64.71;67.18;67.44;0.0;"";"";"";"276";"2026-06-21 10:34:20"
276;781;"no_change";"memory";45.4;51.06;41.22;0.0;"";"";"";"277";"2026-06-21 10:34:20"
277;782;"scale_down";"memory";28.35;29.93;33.04;50.0;"";"";"";"278";"2026-06-21 10:34:20"
278;783;"scale_down";"memory";27.55;29.23;33.51;50.0;"";"";"";"279";"2026-06-21 10:34:20"
279;784;"no_change";"memory";83.43;84.23;20.91;0.0;"";"";"";"280";"2026-06-21 10:34:21"
280;785;"no_change";"memory";63.32;65.03;59.67;0.0;"";"";"";"281";"2026-06-21 10:36:59"
281;786;"scale_down";"memory";34.77;36.39;35.73;25.0;"";"";"";"282";"2026-06-21 10:40:38"
282;787;"no_change";"memory";52.41;54.97;54.21;0.0;"";"";"";"283";"2026-06-21 10:40:38"
283;788;"scale_down";"memory";25.75;26.55;27.07;50.0;"";"";"";"284";"2026-06-21 10:40:39"
284;789;"no_change";"memory";66.75;71.91;68.59;0.0;"";"";"";"285";"2026-06-21 10:40:39"
285;790;"no_change";"memory";60.11;64.2;58.64;0.0;"";"";"";"286";"2026-06-21 10:40:39"
286;791;"scale_down";"memory";33.65;34.01;28.98;25.0;"";"";"";"287";"2026-06-21 10:40:39"
287;792;"scale_down";"memory";17.85;17.94;15.6;50.0;"";"";"";"288";"2026-06-21 10:40:40"
288;793;"no_change";"memory";62.46;62.74;54.16;0.0;"";"";"";"289";"2026-06-21 10:40:40"
289;794;"scale_down";"memory";30.57;31.22;31.02;25.0;"";"";"";"290";"2026-06-21 10:40:40"
290;795;"scale_down";"memory";26.82;27.2;24.44;50.0;"";"";"";"291";"2026-06-21 10:43:18"
291;796;"scale_down";"memory";29.99;31.45;29.87;50.0;"";"";"";"292";"2026-06-21 10:46:46"
292;797;"scale_down";"memory";13.39;13.82;11.54;50.0;"";"";"";"293";"2026-06-21 10:46:46"
293;798;"scale_down";"memory";26.84;29.79;32.64;50.0;"";"";"";"294";"2026-06-21 10:46:46"
294;799;"scale_down";"memory";29.55;30.89;25.86;50.0;"";"";"";"295";"2026-06-21 10:46:47"
295;800;"scale_down";"memory";22.26;27.31;22.37;50.0;"";"";"";"296";"2026-06-21 10:46:47"
296;801;"scale_down";"memory";13.85;13.99;14.24;50.0;"";"";"";"297";"2026-06-21 10:46:47"
297;802;"no_change";"memory";54.35;54.67;50.26;0.0;"";"";"";"298";"2026-06-21 10:46:47"
298;803;"no_change";"memory";48.57;49.29;44.56;0.0;"";"";"";"299";"2026-06-21 10:46:48"
299;804;"scale_down";"memory";26.4;26.49;24.26;50.0;"";"";"";"300";"2026-06-21 10:46:48"
300;805;"scale_down";"memory";12.42;16.54;16.27;50.0;"";"";"";"301";"2026-06-21 10:49:07"
301;806;"scale_down";"memory";14.17;14.38;16.41;50.0;"";"";"";"302";"2026-06-21 10:52:34"
302;807;"scale_down";"memory";24.75;25.81;25.53;50.0;"";"";"";"303";"2026-06-21 10:52:35"
303;808;"scale_down";"memory";4.35;4.46;3.98;50.0;"";"";"";"304";"2026-06-21 10:52:35"
304;809;"scale_down";"memory";15.81;16.12;14.75;50.0;"";"";"";"305";"2026-06-21 10:52:35"
305;810;"no_change";"memory";41.98;42.39;39.54;0.0;"";"";"";"306";"2026-06-21 10:52:35"
306;811;"scale_down";"memory";23.79;24.13;24.69;50.0;"";"";"";"307";"2026-06-21 10:52:36"
307;812;"scale_down";"memory";24.3;25.87;25.57;50.0;"";"";"";"308";"2026-06-21 10:52:36"
308;813;"scale_down";"memory";19.45;21.44;17.12;50.0;"";"";"";"309";"2026-06-21 10:52:36"
309;814;"scale_down";"memory";19.97;22.65;21.49;50.0;"";"";"";"310";"2026-06-21 10:52:36"
310;815;"scale_down";"memory";25.25;25.72;22.79;50.0;"";"";"";"311";"2026-06-21 10:55:08"
311;816;"scale_down";"memory";12.04;12.15;12.83;50.0;"";"";"";"312";"2026-06-21 10:58:38"
312;817;"scale_down";"memory";15.95;16.07;17.03;50.0;"";"";"";"313";"2026-06-21 10:58:38"
313;818;"scale_down";"memory";14.19;17.03;14.5;50.0;"";"";"";"314";"2026-06-21 10:58:38"
314;819;"scale_down";"memory";21.67;22.21;21.39;50.0;"";"";"";"315";"2026-06-21 10:58:38"
315;820;"scale_down";"memory";10.35;11.42;9.53;50.0;"";"";"";"316";"2026-06-21 10:58:39"
316;821;"scale_down";"memory";15.3;16.67;12.69;50.0;"";"";"";"317";"2026-06-21 10:58:39"
317;822;"scale_down";"memory";18.16;20.9;18.9;50.0;"";"";"";"318";"2026-06-21 10:58:39"
318;823;"scale_down";"memory";13.75;13.89;14.64;50.0;"";"";"";"319";"2026-06-21 10:58:39"
319;824;"scale_down";"memory";20.88;26.49;16.43;50.0;"";"";"";"320";"2026-06-21 10:58:40"
320;825;"scale_down";"memory";22.05;22.76;23.27;50.0;"";"";"";"321";"2026-06-21 11:01:09"
321;826;"scale_down";"memory";20.74;20.88;18.41;50.0;"";"";"";"322";"2026-06-21 11:04:36"
322;827;"no_change";"memory";40.04;40.28;31.47;0.0;"";"";"";"323";"2026-06-21 11:04:37"
323;828;"no_change";"memory";53.14;53.61;60.06;0.0;"";"";"";"324";"2026-06-21 11:04:37"
324;829;"scale_down";"memory";26.55;26.79;22.35;50.0;"";"";"";"325";"2026-06-21 11:04:37"
325;830;"scale_down";"memory";3.32;3.36;3.04;50.0;"";"";"";"326";"2026-06-21 11:04:37"
326;831;"no_change";"memory";72.03;72.26;71.27;0.0;"";"";"";"327";"2026-06-21 11:04:38"
327;832;"no_change";"memory";46.28;46.37;49.97;0.0;"";"";"";"328";"2026-06-21 11:04:38"
328;833;"scale_down";"memory";18.22;18.34;17.03;50.0;"";"";"";"329";"2026-06-21 11:04:38"
329;834;"scale_down";"memory";23.46;23.63;19.85;50.0;"";"";"";"330";"2026-06-21 11:04:38"
330;835;"scale_down";"memory";20.2;20.28;17.25;50.0;"";"";"";"331";"2026-06-21 11:07:15"
331;836;"scale_down";"memory";3.95;4.0;3.59;50.0;"";"";"";"332";"2026-06-21 11:10:44"
332;837;"scale_down";"memory";19.27;19.47;14.89;50.0;"";"";"";"333";"2026-06-21 11:10:45"
333;838;"scale_down";"memory";27.37;27.57;23.96;50.0;"";"";"";"334";"2026-06-21 11:10:45"
334;839;"scale_down";"memory";32.61;32.82;26.71;25.0;"";"";"";"335";"2026-06-21 11:10:45"
335;840;"scale_down";"memory";14.99;15.09;10.96;50.0;"";"";"";"336";"2026-06-21 11:10:45"
336;841;"no_change";"memory";46.19;48.92;44.64;0.0;"";"";"";"337";"2026-06-21 11:10:46"
337;842;"scale_down";"memory";11.11;11.83;11.68;50.0;"";"";"";"338";"2026-06-21 11:10:46"
338;843;"scale_down";"memory";18.19;20.97;18.06;50.0;"";"";"";"339";"2026-06-21 11:10:46"
339;844;"scale_down";"memory";14.19;14.53;14.1;50.0;"";"";"";"340";"2026-06-21 11:10:46"
340;845;"scale_down";"memory";28.8;29.24;24.52;50.0;"";"";"";"341";"2026-06-21 11:13:11"
341;846;"scale_down";"memory";12.66;14.4;16.25;50.0;"";"";"";"342";"2026-06-21 11:16:39"
342;847;"scale_down";"memory";28.8;29.19;31.85;50.0;"";"";"";"343";"2026-06-21 11:16:39"
343;848;"scale_down";"memory";16.47;17.58;12.92;50.0;"";"";"";"344";"2026-06-21 11:16:40"
344;849;"scale_down";"memory";26.44;27.37;21.73;50.0;"";"";"";"345";"2026-06-21 11:16:40"
345;850;"scale_down";"memory";24.26;24.79;26.51;50.0;"";"";"";"346";"2026-06-21 11:16:40"
346;851;"no_change";"memory";65.24;66.85;66.0;0.0;"";"";"";"347";"2026-06-21 11:16:40"
347;852;"scale_down";"memory";30.26;31.01;32.84;25.0;"";"";"";"348";"2026-06-21 11:16:40"
348;853;"scale_down";"memory";17.39;17.52;19.57;50.0;"";"";"";"349";"2026-06-21 11:16:41"
349;854;"scale_down";"memory";17.8;17.92;17.07;50.0;"";"";"";"350";"2026-06-21 11:16:41"
350;855;"scale_down";"memory";28.95;30.09;33.44;50.0;"";"";"";"351";"2026-06-21 11:19:18"
351;856;"scale_down";"memory";15.57;15.65;4.93;50.0;"";"";"";"352";"2026-06-21 11:22:45"
352;857;"scale_down";"memory";2.92;2.96;3.03;50.0;"";"";"";"353";"2026-06-21 11:22:46"
353;858;"scale_down";"memory";10.12;10.13;10.25;50.0;"";"";"";"354";"2026-06-21 11:22:46"
354;859;"scale_down";"memory";1.62;1.65;1.67;50.0;"";"";"";"355";"2026-06-21 11:22:46"
355;860;"scale_down";"memory";9.97;10.07;10.02;50.0;"";"";"";"356";"2026-06-21 11:22:46"
356;861;"no_change";"memory";68.23;68.34;68.53;0.0;"";"";"";"357";"2026-06-21 11:22:47"
357;862;"no_change";"memory";84.3;84.55;83.18;0.0;"";"";"";"358";"2026-06-21 11:22:47"
358;863;"no_change";"memory";63.1;63.17;53.64;0.0;"";"";"";"359";"2026-06-21 11:22:47"
359;864;"no_change";"memory";66.81;66.9;57.01;0.0;"";"";"";"360";"2026-06-21 11:22:47"
360;865;"scale_down";"memory";5.45;5.48;6.27;50.0;"";"";"";"361";"2026-06-21 11:25:11"
361;866;"no_change";"memory";78.14;78.26;69.75;0.0;"";"";"";"362";"2026-06-21 11:28:39"
362;867;"no_change";"memory";66.71;66.79;67.12;0.0;"";"";"";"363";"2026-06-21 11:28:39"
363;868;"no_change";"memory";78.64;78.73;80.09;0.0;"";"";"";"364";"2026-06-21 11:28:40"
364;869;"no_change";"memory";75.11;75.18;74.93;0.0;"";"";"";"365";"2026-06-21 11:28:40"
365;870;"no_change";"memory";64.41;64.52;51.99;0.0;"";"";"";"366";"2026-06-21 11:28:40"
366;871;"scale_down";"memory";20.29;20.51;17.13;50.0;"";"";"";"367";"2026-06-21 11:28:40"
367;872;"scale_down";"memory";18.65;18.97;14.11;50.0;"";"";"";"368";"2026-06-21 11:28:41"
368;873;"scale_down";"memory";28.36;29.35;29.1;50.0;"";"";"";"369";"2026-06-21 11:28:41"
369;874;"no_change";"memory";48.31;49.79;52.9;0.0;"";"";"";"370";"2026-06-21 11:28:41"
370;875;"scale_down";"memory";11.2;11.23;13.07;50.0;"";"";"";"371";"2026-06-21 11:31:05"
371;876;"scale_down";"memory";8.0;8.32;8.72;50.0;"";"";"";"372";"2026-06-21 11:34:22"
372;877;"scale_down";"memory";9.45;9.69;8.74;50.0;"";"";"";"373";"2026-06-21 11:34:23"
373;878;"scale_down";"memory";9.78;10.03;10.52;50.0;"";"";"";"374";"2026-06-21 11:34:23"
374;879;"no_change";"memory";50.07;52.53;9.05;0.0;"";"";"";"375";"2026-06-21 11:34:23"
375;880;"no_change";"memory";42.98;43.49;43.11;0.0;"";"";"";"376";"2026-06-21 11:34:23"
376;881;"no_change";"memory";84.8;85.28;83.28;0.0;"";"";"";"377";"2026-06-21 11:34:24"
377;882;"no_change";"memory";46.06;48.39;49.48;0.0;"";"";"";"378";"2026-06-21 11:34:24"
378;883;"scale_down";"memory";4.55;4.86;4.89;50.0;"";"";"";"379";"2026-06-21 11:34:24"
379;885;"scale_down";"memory";33.44;33.95;33.72;25.0;"";"";"";"381";"2026-06-21 11:36:18"
380;886;"no_change";"memory";22.0;22.5;57.55;0.0;"";"";"";"382";"2026-06-21 11:36:18"
381;887;"no_change";"memory";47.74;49.24;205.12;0.0;"";"";"";"383";"2026-06-21 11:39:29"
382;891;"no_change";"memory";56.12;56.62;59.62;0.0;"";"";"";"387";"2026-06-21 11:39:29"
383;892;"scale_down";"memory";38.07;38.36;39.0;25.0;"";"";"";"388";"2026-06-21 11:39:30"
384;893;"no_change";"memory";53.95;54.81;58.14;0.0;"";"";"";"389";"2026-06-21 11:39:30"
385;894;"no_change";"memory";50.42;51.53;45.58;0.0;"";"";"";"390";"2026-06-21 11:39:30"
386;895;"no_change";"memory";40.83;43.18;43.7;0.0;"";"";"";"391";"2026-06-21 11:42:32"
387;896;"no_change";"memory";51.63;53.63;54.12;0.0;"";"";"";"392";"2026-06-21 11:42:32"
388;897;"scale_down";"memory";35.78;37.9;41.48;25.0;"";"";"";"393";"2026-06-21 11:42:32"
389;898;"no_change";"memory";42.31;44.29;41.89;0.0;"";"";"";"394";"2026-06-21 11:42:33"
390;899;"no_change";"memory";67.39;69.25;70.01;0.0;"";"";"";"395";"2026-06-21 11:42:34"
391;900;"no_change";"memory";40.68;42.55;40.11;0.0;"";"";"";"396";"2026-06-21 11:45:23"
392;901;"no_change";"memory";50.49;53.83;49.49;0.0;"";"";"";"397";"2026-06-21 11:45:23"
393;902;"scale_down";"memory";33.17;34.9;31.9;25.0;"";"";"";"398";"2026-06-21 11:45:23"
394;903;"no_change";"memory";73.24;76.01;70.97;0.0;"";"";"";"399";"2026-06-21 11:45:24"
395;904;"scale_down";"memory";21.02;21.35;20.99;50.0;"";"";"";"400";"2026-06-21 11:45:24"
396;905;"scale_down";"memory";25.69;26.29;27.66;50.0;"";"";"";"401";"2026-06-21 11:48:30"
397;906;"scale_down";"memory";28.12;28.58;29.12;50.0;"";"";"";"402";"2026-06-21 11:48:30"
398;907;"scale_down";"memory";34.33;36.27;41.77;25.0;"";"";"";"403";"2026-06-21 11:48:31"
399;908;"scale_down";"memory";21.2;21.73;21.94;50.0;"";"";"";"404";"2026-06-21 11:48:31"
400;909;"no_change";"memory";65.57;67.71;58.91;0.0;"";"";"";"405";"2026-06-21 11:48:31"
401;910;"no_change";"memory";73.65;75.45;75.57;0.0;"";"";"";"406";"2026-06-21 11:51:51"
402;911;"no_change";"memory";62.44;64.44;50.64;0.0;"";"";"";"407";"2026-06-21 11:51:52"
403;912;"scale_down";"memory";29.53;30.82;30.4;50.0;"";"";"";"408";"2026-06-21 11:51:52"
404;913;"no_change";"memory";58.4;59.82;60.42;0.0;"";"";"";"409";"2026-06-21 11:51:52"
405;914;"no_change";"memory";73.27;75.21;81.33;0.0;"";"";"";"410";"2026-06-21 11:51:52"
406;915;"no_change";"memory";55.33;56.98;56.5;0.0;"";"";"";"411";"2026-06-21 11:55:04"
407;916;"no_change";"memory";71.2;79.66;72.05;0.0;"";"";"";"412";"2026-06-21 11:55:04"
408;917;"no_change";"memory";74.43;75.5;67.95;0.0;"";"";"";"413";"2026-06-21 11:55:05"
409;918;"no_change";"memory";58.85;61.99;61.45;0.0;"";"";"";"414";"2026-06-21 11:55:05"
410;919;"no_change";"memory";50.46;52.09;50.71;0.0;"";"";"";"415";"2026-06-21 11:55:05"
411;920;"no_change";"memory";63.42;64.69;64.59;0.0;"";"";"";"416";"2026-06-21 11:57:56"
412;921;"no_change";"memory";66.46;68.39;68.43;0.0;"";"";"";"417";"2026-06-21 11:57:57"
413;922;"scale_down";"memory";38.43;41.27;41.36;25.0;"";"";"";"418";"2026-06-21 11:57:57"
414;923;"no_change";"memory";49.36;55.41;51.91;0.0;"";"";"";"419";"2026-06-21 11:57:57"
415;924;"no_change";"memory";51.35;54.2;53.38;0.0;"";"";"";"420";"2026-06-21 11:57:57"
416;925;"no_change";"memory";77.7;78.08;80.23;0.0;"";"";"";"421";"2026-06-21 12:00:55"
417;926;"scale_down";"memory";23.33;28.46;27.84;50.0;"";"";"";"422";"2026-06-21 12:00:55"
418;927;"no_change";"memory";79.53;80.6;77.86;0.0;"";"";"";"423";"2026-06-21 12:00:56"
419;928;"no_change";"memory";43.0;45.28;30.16;0.0;"";"";"";"424";"2026-06-21 12:00:56"
420;929;"scale_down";"memory";14.31;19.63;18.4;50.0;"";"";"";"425";"2026-06-21 12:00:56"
421;930;"no_change";"memory";44.12;45.11;45.27;0.0;"";"";"";"426";"2026-06-21 12:03:54"
422;931;"scale_down";"memory";33.84;36.58;34.72;25.0;"";"";"";"427";"2026-06-21 12:03:55"
423;932;"no_change";"memory";50.69;53.25;43.83;0.0;"";"";"";"428";"2026-06-21 12:03:55"
424;933;"no_change";"memory";41.59;43.47;39.58;0.0;"";"";"";"429";"2026-06-21 12:03:55"
425;934;"scale_down";"memory";13.26;14.11;15.57;50.0;"";"";"";"430";"2026-06-21 12:03:55"
426;935;"no_change";"memory";40.37;42.76;35.23;0.0;"";"";"";"431";"2026-06-21 12:06:46"
427;936;"scale_down";"memory";13.45;14.04;15.41;50.0;"";"";"";"432";"2026-06-21 12:06:47"
428;937;"no_change";"memory";47.58;48.63;50.25;0.0;"";"";"";"433";"2026-06-21 12:06:47"
429;938;"no_change";"memory";44.72;46.27;34.91;0.0;"";"";"";"434";"2026-06-21 12:06:48"
430;939;"scale_down";"memory";37.59;41.06;33.36;25.0;"";"";"";"435";"2026-06-21 12:06:48"
431;940;"scale_down";"memory";23.41;23.92;25.26;50.0;"";"";"";"436";"2026-06-21 12:09:42"
432;941;"no_change";"memory";46.99;49.2;38.52;0.0;"";"";"";"437";"2026-06-21 12:09:42"
433;942;"scale_down";"memory";16.64;17.1;23.79;50.0;"";"";"";"438";"2026-06-21 12:09:42"
434;943;"scale_down";"memory";32.96;34.36;43.21;25.0;"";"";"";"439";"2026-06-21 12:09:42"
435;944;"scale_down";"memory";27.14;28.29;13.42;50.0;"";"";"";"440";"2026-06-21 12:09:43"
436;945;"scale_down";"memory";22.63;23.68;21.85;50.0;"";"";"";"441";"2026-06-21 12:12:41"
437;946;"no_change";"memory";61.03;67.01;60.13;0.0;"";"";"";"442";"2026-06-21 12:12:41"
438;947;"scale_down";"memory";17.81;18.32;15.26;50.0;"";"";"";"443";"2026-06-21 12:12:41"
439;948;"no_change";"memory";68.95;70.79;75.09;0.0;"";"";"";"444";"2026-06-21 12:12:42"
440;949;"no_change";"memory";60.43;62.15;58.06;0.0;"";"";"";"445";"2026-06-21 12:12:42"
441;950;"no_change";"memory";45.62;47.29;41.95;0.0;"";"";"";"446";"2026-06-21 12:15:41"
442;951;"no_change";"memory";72.93;75.5;73.77;0.0;"";"";"";"447";"2026-06-21 12:15:41"
443;952;"scale_down";"memory";29.06;30.02;27.7;50.0;"";"";"";"448";"2026-06-21 12:15:41"
444;953;"scale_down";"memory";36.07;37.89;33.12;25.0;"";"";"";"449";"2026-06-21 12:15:41"
445;954;"no_change";"memory";48.24;50.7;57.82;0.0;"";"";"";"450";"2026-06-21 12:15:42"
446;955;"no_change";"memory";46.65;48.65;45.32;0.0;"";"";"";"451";"2026-06-21 12:18:33"
447;956;"no_change";"memory";42.83;46.21;50.49;0.0;"";"";"";"452";"2026-06-21 12:18:33"
448;957;"no_change";"memory";41.46;45.64;39.48;0.0;"";"";"";"453";"2026-06-21 12:18:33"
449;958;"no_change";"memory";47.1;48.09;45.74;0.0;"";"";"";"454";"2026-06-21 12:18:34"
450;959;"no_change";"memory";67.41;68.58;64.34;0.0;"";"";"";"455";"2026-06-21 12:18:34"
451;960;"no_change";"memory";62.89;63.61;65.2;0.0;"";"";"";"456";"2026-06-21 12:21:22"
452;961;"no_change";"memory";66.48;67.52;63.4;0.0;"";"";"";"457";"2026-06-21 12:21:22"
453;962;"no_change";"memory";49.59;51.49;50.94;0.0;"";"";"";"458";"2026-06-21 12:21:22"
454;963;"no_change";"memory";66.15;68.33;47.11;0.0;"";"";"";"459";"2026-06-21 12:21:22"
455;964;"no_change";"memory";82.26;83.35;57.88;0.0;"";"";"";"460";"2026-06-21 12:21:22"
456;965;"scale_down";"memory";39.35;40.37;40.28;25.0;"";"";"";"461";"2026-06-21 12:24:15"
457;966;"scale_down";"memory";28.14;29.44;38.9;50.0;"";"";"";"462";"2026-06-21 12:24:15"
458;967;"no_change";"memory";43.88;50.09;40.99;0.0;"";"";"";"463";"2026-06-21 12:24:15"
459;968;"no_change";"memory";60.6;63.05;54.77;0.0;"";"";"";"464";"2026-06-21 12:24:16"
460;969;"no_change";"memory";53.49;58.12;52.25;0.0;"";"";"";"465";"2026-06-21 12:24:16"
461;970;"no_change";"memory";54.47;55.72;49.3;0.0;"";"";"";"466";"2026-06-21 12:27:16"
462;971;"no_change";"memory";62.74;65.32;62.3;0.0;"";"";"";"467";"2026-06-21 12:27:16"
463;972;"scale_down";"memory";29.87;30.29;33.45;50.0;"";"";"";"468";"2026-06-21 12:27:16"
464;973;"scale_down";"memory";22.86;24.36;23.19;50.0;"";"";"";"469";"2026-06-21 12:27:17"
465;974;"no_change";"memory";40.84;42.92;41.37;0.0;"";"";"";"470";"2026-06-21 12:27:17"
466;975;"no_change";"memory";62.74;64.97;64.89;0.0;"";"";"";"471";"2026-06-21 12:30:06"
467;976;"scale_down";"memory";35.9;37.0;41.26;25.0;"";"";"";"472";"2026-06-21 12:30:06"
468;977;"no_change";"memory";80.3;80.55;81.65;0.0;"";"";"";"473";"2026-06-21 12:30:07"
469;978;"no_change";"memory";61.08;61.37;62.35;0.0;"";"";"";"474";"2026-06-21 12:30:07"
470;979;"no_change";"memory";61.07;61.37;62.35;0.0;"";"";"";"475";"2026-06-21 12:30:07"
471;980;"no_change";"memory";61.08;61.37;62.33;0.0;"";"";"";"476";"2026-06-21 12:33:06"
472;981;"no_change";"memory";80.3;80.54;71.25;0.0;"";"";"";"477";"2026-06-21 12:33:06"
473;982;"no_change";"memory";43.57;44.24;45.31;0.0;"";"";"";"478";"2026-06-21 12:33:06"
474;983;"scale_down";"memory";37.27;38.44;20.44;25.0;"";"";"";"479";"2026-06-21 12:33:06"
475;984;"scale_down";"memory";38.41;39.58;23.94;25.0;"";"";"";"480";"2026-06-21 12:33:07"
476;985;"scale_down";"memory";31.05;31.72;33.16;25.0;"";"";"";"481";"2026-06-21 12:36:04"
477;986;"no_change";"memory";55.84;56.64;55.6;0.0;"";"";"";"482";"2026-06-21 12:36:04"
478;987;"scale_down";"memory";37.56;38.61;42.35;25.0;"";"";"";"483";"2026-06-21 12:36:04"
479;988;"no_change";"memory";48.17;50.4;49.46;0.0;"";"";"";"484";"2026-06-21 12:36:04"
480;989;"no_change";"memory";48.17;50.38;53.18;0.0;"";"";"";"485";"2026-06-21 12:36:05"
481;990;"no_change";"memory";44.13;45.86;48.98;0.0;"";"";"";"486";"2026-06-21 12:38:56"
482;991;"scale_down";"memory";26.6;27.04;30.91;50.0;"";"";"";"487";"2026-06-21 12:38:56"
483;992;"scale_down";"memory";10.51;11.08;10.99;50.0;"";"";"";"488";"2026-06-21 12:38:56"
484;993;"no_change";"memory";52.72;55.18;50.56;0.0;"";"";"";"489";"2026-06-21 12:38:56"
485;994;"no_change";"memory";44.53;47.73;43.95;0.0;"";"";"";"490";"2026-06-21 12:38:57"
486;995;"no_change";"memory";45.24;55.99;48.11;0.0;"";"";"";"491";"2026-06-21 12:41:55"
487;996;"scale_down";"memory";26.58;28.09;24.99;50.0;"";"";"";"492";"2026-06-21 12:41:55"
488;997;"no_change";"memory";61.9;64.22;61.19;0.0;"";"";"";"493";"2026-06-21 12:41:55"
489;998;"no_change";"memory";58.32;62.08;54.37;0.0;"";"";"";"494";"2026-06-21 12:41:55"
490;999;"scale_down";"memory";27.01;29.83;28.24;50.0;"";"";"";"495";"2026-06-21 12:41:56"
491;1000;"scale_down";"memory";31.42;36.03;32.51;25.0;"";"";"";"496";"2026-06-21 12:44:46"
492;1001;"no_change";"memory";40.14;42.09;37.88;0.0;"";"";"";"497";"2026-06-21 12:44:46"
493;1002;"scale_down";"memory";27.61;29.44;44.69;25.0;"";"";"";"498";"2026-06-21 12:44:46"
494;1003;"scale_down";"memory";27.42;29.75;28.58;50.0;"";"";"";"499";"2026-06-21 12:44:46"
495;1004;"no_change";"memory";46.92;48.57;45.73;0.0;"";"";"";"500";"2026-06-21 12:44:47"
496;1005;"no_change";"memory";50.2;51.8;51.91;0.0;"";"";"";"501";"2026-06-21 12:46:13"
497;1006;"no_change";"memory";42.09;43.24;33.22;0.0;"";"";"";"502";"2026-06-21 12:46:14"
498;1007;"no_change";"memory";54.51;56.9;52.72;0.0;"";"";"";"503";"2026-06-21 12:46:14"
499;1008;"no_change";"memory";51.32;54.24;51.81;0.0;"";"";"";"504";"2026-06-21 12:46:14"
501;251;"scale_down";"cpu";5.78;45.3;6.17;25.0;"";"";"";"251";"2026-06-20 14:07:32"
503;252;"scale_down";"cpu";0.96;19.93;1.1;50.0;"";"";"";"252";"2026-06-20 14:07:32"
505;253;"scale_down";"cpu";5.95;41.9;8.53;50.0;"";"";"";"253";"2026-06-20 14:07:32"
507;254;"scale_down";"cpu";7.19;52.93;8.98;25.0;"";"";"";"254";"2026-06-20 14:07:32"
509;255;"scale_down";"cpu";1.71;32.03;3.55;50.0;"";"";"";"255";"2026-06-20 14:07:33"
511;256;"scale_down";"cpu";2.52;29.97;3.22;50.0;"";"";"";"256";"2026-06-20 14:12:10"
513;257;"scale_down";"cpu";2.2;27.83;2.14;50.0;"";"";"";"257";"2026-06-20 14:12:10"
515;258;"no_change";"cpu";21.74;65.87;3.11;0.0;"";"";"";"258";"2026-06-20 14:12:10"
517;259;"no_change";"cpu";5.88;66.67;20.55;0.0;"";"";"";"259";"2026-06-20 14:12:10"
519;260;"scale_down";"cpu";1.21;43.2;1.49;50.0;"";"";"";"260";"2026-06-20 14:12:10"
521;261;"no_change";"cpu";8.42;66.33;3.27;0.0;"";"";"";"261";"2026-06-20 14:17:01"
523;262;"no_change";"cpu";7.36;75.93;6.41;0.0;"";"";"";"262";"2026-06-20 14:17:01"
525;263;"scale_down";"cpu";1.79;28.17;1.26;50.0;"";"";"";"263";"2026-06-20 14:17:01"
527;264;"scale_down";"cpu";1.26;24.27;1.13;50.0;"";"";"";"264";"2026-06-20 14:17:01"
529;265;"scale_down";"cpu";1.23;41.7;3.32;50.0;"";"";"";"265";"2026-06-20 14:17:01"
531;266;"scale_down";"cpu";4.3;34.77;10.89;50.0;"";"";"";"266";"2026-06-20 14:21:37"
533;267;"scale_down";"cpu";6.84;44.07;8.62;50.0;"";"";"";"267";"2026-06-20 14:21:37"
535;268;"scale_down";"cpu";1.64;39.5;3.83;50.0;"";"";"";"268";"2026-06-20 14:21:37"
537;269;"scale_down";"cpu";2.71;26.73;3.72;50.0;"";"";"";"269";"2026-06-20 14:21:37"
539;270;"scale_down";"cpu";0.2;12.93;0.52;50.0;"";"";"";"270";"2026-06-20 14:21:37"
542;272;"scale_down";"cpu";3.69;58.83;3.52;25.0;"";"";"";"272";"2026-06-20 14:25:57"
544;273;"scale_down";"cpu";2.41;25.23;3.36;50.0;"";"";"";"273";"2026-06-20 14:25:57"
546;274;"scale_down";"cpu";5.74;51.03;6.85;25.0;"";"";"";"274";"2026-06-20 14:25:57"
548;275;"scale_down";"cpu";1.91;33.03;0.96;50.0;"";"";"";"275";"2026-06-20 14:25:57"
550;276;"scale_down";"cpu";2.84;47.53;3.58;25.0;"";"";"";"276";"2026-06-20 14:27:26"
552;277;"scale_down";"cpu";1.56;47.33;2.12;25.0;"";"";"";"277";"2026-06-20 14:30:35"
554;278;"scale_down";"cpu";0.57;18.4;0.86;50.0;"";"";"";"278";"2026-06-20 14:30:35"
556;279;"scale_down";"cpu";0.71;17.47;1.44;50.0;"";"";"";"279";"2026-06-20 14:30:35"
558;280;"scale_down";"cpu";1.22;20.43;0.88;50.0;"";"";"";"280";"2026-06-20 14:30:35"
560;281;"no_change";"cpu";3.93;65.17;5.7;0.0;"";"";"";"281";"2026-06-20 14:32:17"
562;282;"scale_down";"cpu";1.46;27.37;1.6;50.0;"";"";"";"282";"2026-06-20 14:35:18"
564;283;"scale_down";"cpu";2.57;42.4;4.63;50.0;"";"";"";"283";"2026-06-20 14:35:19"
566;284;"scale_down";"cpu";3.92;58.1;6.35;25.0;"";"";"";"284";"2026-06-20 14:35:19"
568;285;"no_change";"cpu";8.62;81.93;12.84;0.0;"";"";"";"285";"2026-06-20 14:35:19"
570;286;"no_change";"cpu";4.28;70.23;5.07;0.0;"";"";"";"286";"2026-06-20 14:36:47"
572;287;"scale_down";"cpu";3.49;24.8;3.44;50.0;"";"";"";"287";"2026-06-20 14:39:48"
574;288;"scale_down";"cpu";1.03;10.2;2.42;50.0;"";"";"";"288";"2026-06-20 14:39:48"
576;289;"scale_down";"cpu";1.1;8.67;1.0;50.0;"";"";"";"289";"2026-06-20 14:39:48"
578;290;"scale_down";"cpu";5.3;24.0;1.2;50.0;"";"";"";"290";"2026-06-20 14:39:48"
580;291;"scale_down";"cpu";1.03;10.7;1.42;50.0;"";"";"";"291";"2026-06-20 14:41:28"
582;292;"scale_down";"cpu";7.39;59.9;3.92;25.0;"";"";"";"292";"2026-06-20 14:44:30"
584;293;"no_change";"cpu";7.8;77.8;7.2;0.0;"";"";"";"293";"2026-06-20 14:44:30"
586;294;"scale_down";"cpu";18.74;50.03;33.88;25.0;"";"";"";"294";"2026-06-20 14:44:30"
588;295;"scale_down";"cpu";15.81;59.33;1.4;25.0;"";"";"";"295";"2026-06-20 14:44:30"
590;296;"no_change";"cpu";10.06;88.2;9.11;0.0;"";"";"";"296";"2026-06-20 14:46:06"
592;297;"scale_down";"cpu";1.11;16.37;1.32;50.0;"";"";"";"297";"2026-06-20 14:49:08"
594;298;"scale_down";"cpu";2.75;22.83;1.02;50.0;"";"";"";"298";"2026-06-20 14:49:08"
596;299;"no_change";"cpu";10.49;69.03;13.45;0.0;"";"";"";"299";"2026-06-20 14:49:08"
598;300;"scale_down";"cpu";4.58;47.9;1.5;25.0;"";"";"";"300";"2026-06-20 14:49:08"
600;301;"scale_down";"cpu";4.99;38.37;6.53;50.0;"";"";"";"301";"2026-06-20 14:50:46"
602;302;"scale_down";"cpu";1.81;33.93;1.89;50.0;"";"";"";"302";"2026-06-20 14:53:47"
604;303;"scale_down";"cpu";8.19;23.9;12.04;50.0;"";"";"";"303";"2026-06-20 14:53:47"
606;304;"no_change";"cpu";21.96;80.27;28.53;0.0;"";"";"";"304";"2026-06-20 14:53:47"
608;305;"scale_down";"cpu";5.49;46.83;3.8;25.0;"";"";"";"305";"2026-06-20 14:53:47"
610;306;"scale_down";"cpu";1.18;5.07;1.0;50.0;"";"";"";"306";"2026-06-20 14:55:35"
612;307;"scale_down";"cpu";1.13;7.6;1.55;50.0;"";"";"";"307";"2026-06-20 14:58:38"
614;308;"scale_down";"cpu";2.76;18.0;2.06;50.0;"";"";"";"308";"2026-06-20 14:58:38"
616;309;"scale_down";"cpu";1.93;15.43;1.96;50.0;"";"";"";"309";"2026-06-20 14:58:38"
618;310;"no_change";"cpu";38.63;81.9;31.4;0.0;"";"";"";"310";"2026-06-20 14:58:38"
620;311;"scale_down";"cpu";5.5;49.07;1.2;25.0;"";"";"";"311";"2026-06-20 15:00:10"
622;312;"no_change";"cpu";21.25;100.0;25.39;0.0;"";"";"";"312";"2026-06-20 15:03:12"
624;313;"scale_down";"cpu";1.23;12.53;1.21;50.0;"";"";"";"313";"2026-06-20 15:03:12"
626;314;"no_change";"cpu";16.3;64.13;13.85;0.0;"";"";"";"314";"2026-06-20 15:03:12"
628;315;"no_change";"cpu";5.94;67.67;4.6;0.0;"";"";"";"315";"2026-06-20 15:03:12"
630;316;"no_change";"cpu";13.83;65.23;11.01;0.0;"";"";"";"316";"2026-06-20 15:04:50"
632;317;"no_change";"cpu";22.59;79.67;25.32;0.0;"";"";"";"317";"2026-06-20 15:07:52"
634;318;"scale_down";"cpu";5.15;23.9;5.81;50.0;"";"";"";"318";"2026-06-20 15:07:52"
636;319;"scale_down";"cpu";2.81;15.97;1.74;50.0;"";"";"";"319";"2026-06-20 15:07:52"
638;320;"no_change";"cpu";41.22;94.4;20.2;0.0;"";"";"";"320";"2026-06-20 15:07:52"
640;321;"no_change";"cpu";6.74;63.93;9.33;0.0;"";"";"";"321";"2026-06-20 15:09:27"
642;322;"scale_down";"cpu";1.82;18.13;2.51;50.0;"";"";"";"322";"2026-06-20 15:12:30"
644;323;"scale_down";"cpu";2.01;20.03;1.14;50.0;"";"";"";"323";"2026-06-20 15:12:30"
646;324;"scale_down";"cpu";2.85;30.1;2.3;50.0;"";"";"";"324";"2026-06-20 15:12:30"
648;325;"scale_down";"cpu";3.26;20.2;3.61;50.0;"";"";"";"325";"2026-06-20 15:12:30"
650;326;"scale_down";"cpu";0.2;5.5;0.0;50.0;"";"";"";"326";"2026-06-20 15:14:23"
652;327;"scale_down";"cpu";3.18;38.5;3.75;50.0;"";"";"";"327";"2026-06-20 15:17:25"
654;328;"scale_down";"cpu";1.9;4.77;2.23;50.0;"";"";"";"328";"2026-06-20 15:17:25"
656;329;"scale_down";"cpu";1.01;5.63;1.07;50.0;"";"";"";"329";"2026-06-20 15:17:25"
658;330;"scale_down";"cpu";1.06;13.1;1.27;50.0;"";"";"";"330";"2026-06-20 15:17:25"
660;331;"scale_down";"cpu";0.1;6.2;0.19;50.0;"";"";"";"331";"2026-06-20 15:18:59"
662;332;"scale_down";"cpu";0.0;2.87;0.0;50.0;"";"";"";"332";"2026-06-20 15:22:02"
664;333;"scale_down";"cpu";1.04;10.37;1.23;50.0;"";"";"";"333";"2026-06-20 15:22:02"
666;334;"scale_down";"cpu";1.04;8.83;1.14;50.0;"";"";"";"334";"2026-06-20 15:22:02"
668;335;"scale_down";"cpu";1.05;12.87;1.4;50.0;"";"";"";"335";"2026-06-20 15:22:02"
670;336;"scale_down";"cpu";1.86;25.77;1.8;50.0;"";"";"";"336";"2026-06-20 15:23:41"
672;337;"scale_down";"cpu";4.07;44.8;1.25;50.0;"";"";"";"337";"2026-06-20 15:26:44"
674;338;"no_change";"cpu";17.55;96.0;19.05;0.0;"";"";"";"338";"2026-06-20 15:26:44"
676;339;"no_change";"cpu";41.77;85.13;45.71;0.0;"";"";"";"339";"2026-06-20 15:26:44"
678;340;"scale_down";"cpu";1.98;8.57;0.89;50.0;"";"";"";"340";"2026-06-20 15:26:44"
680;341;"scale_down";"cpu";7.89;45.97;10.35;25.0;"";"";"";"341";"2026-06-20 15:28:40"
682;342;"no_change";"cpu";21.61;62.6;26.73;0.0;"";"";"";"342";"2026-06-20 15:31:43"
684;343;"scale_down";"cpu";3.21;18.5;5.1;50.0;"";"";"";"343";"2026-06-20 15:31:43"
686;344;"no_change";"cpu";42.64;86.5;48.99;0.0;"";"";"";"344";"2026-06-20 15:31:43"
688;345;"scale_down";"cpu";2.6;13.07;4.62;50.0;"";"";"";"345";"2026-06-20 15:31:43"
690;346;"scale_down";"cpu";1.94;9.67;3.03;50.0;"";"";"";"346";"2026-06-20 15:33:13"
692;347;"scale_down";"cpu";2.08;21.7;1.5;50.0;"";"";"";"347";"2026-06-20 15:36:15"
694;348;"scale_down";"cpu";1.24;17.63;1.2;50.0;"";"";"";"348";"2026-06-20 15:36:15"
696;349;"scale_down";"cpu";0.16;7.17;0.05;50.0;"";"";"";"349";"2026-06-20 15:36:15"
698;350;"scale_down";"cpu";1.13;23.57;1.0;50.0;"";"";"";"350";"2026-06-20 15:36:15"
700;351;"scale_down";"cpu";1.25;34.3;1.63;50.0;"";"";"";"351";"2026-06-20 15:38:00"
702;352;"scale_down";"cpu";3.61;11.67;3.58;50.0;"";"";"";"352";"2026-06-20 15:41:16"
704;353;"scale_down";"cpu";4.29;24.23;4.59;50.0;"";"";"";"353";"2026-06-20 15:41:16"
706;354;"scale_down";"cpu";1.16;8.87;1.67;50.0;"";"";"";"354";"2026-06-20 15:41:16"
708;355;"scale_down";"cpu";0.0;0.8;0.0;50.0;"";"";"";"355";"2026-06-20 15:41:16"
710;356;"scale_down";"cpu";1.42;12.17;1.85;50.0;"";"";"";"356";"2026-06-20 15:43:11"
712;357;"scale_down";"cpu";1.6;12.13;2.83;50.0;"";"";"";"357";"2026-06-20 15:46:22"
714;358;"scale_down";"cpu";3.7;19.33;3.85;50.0;"";"";"";"358";"2026-06-20 15:46:22"
716;359;"scale_down";"cpu";1.02;9.8;1.83;50.0;"";"";"";"359";"2026-06-20 15:46:22"
718;360;"scale_down";"cpu";2.13;32.4;2.03;50.0;"";"";"";"360";"2026-06-20 15:46:22"
720;361;"scale_down";"cpu";2.06;5.27;2.15;50.0;"";"";"";"361";"2026-06-20 15:47:52"
722;362;"scale_down";"cpu";6.22;18.63;2.25;50.0;"";"";"";"362";"2026-06-20 15:50:55"
724;363;"scale_down";"cpu";2.67;41.57;2.68;50.0;"";"";"";"363";"2026-06-20 15:50:55"
726;364;"scale_down";"cpu";1.8;30.3;1.95;50.0;"";"";"";"364";"2026-06-20 15:50:55"
728;365;"scale_down";"cpu";8.61;17.9;8.21;50.0;"";"";"";"365";"2026-06-20 15:50:55"
730;366;"scale_down";"cpu";2.15;18.87;3.01;50.0;"";"";"";"366";"2026-06-20 15:52:25"
732;367;"scale_down";"cpu";1.2;26.9;1.0;50.0;"";"";"";"367";"2026-06-20 15:55:28"
734;368;"scale_down";"cpu";1.06;14.63;1.0;50.0;"";"";"";"368";"2026-06-20 15:55:28"
736;369;"scale_down";"cpu";1.81;37.0;1.89;50.0;"";"";"";"369";"2026-06-20 15:55:28"
738;370;"scale_down";"cpu";0.9;36.07;1.31;50.0;"";"";"";"370";"2026-06-20 15:55:28"
740;371;"scale_down";"cpu";0.01;0.73;0.0;50.0;"";"";"";"371";"2026-06-20 15:57:15"
742;372;"scale_down";"cpu";0.26;2.33;0.42;50.0;"";"";"";"372";"2026-06-20 16:00:25"
744;373;"scale_down";"cpu";0.01;3.47;0.0;50.0;"";"";"";"373";"2026-06-20 16:00:25"
746;374;"scale_down";"cpu";0.31;1.8;0.33;50.0;"";"";"";"374";"2026-06-20 16:00:25"
748;375;"scale_down";"cpu";1.71;10.6;2.22;50.0;"";"";"";"375";"2026-06-20 16:00:25"
750;376;"scale_down";"cpu";2.94;20.07;3.1;50.0;"";"";"";"376";"2026-06-20 16:01:41"
752;377;"scale_down";"cpu";11.72;33.03;20.93;50.0;"";"";"";"377";"2026-06-20 16:04:10"
754;378;"scale_down";"cpu";1.14;33.7;1.53;50.0;"";"";"";"378";"2026-06-20 16:04:10"
756;379;"scale_down";"cpu";0.38;13.43;1.1;50.0;"";"";"";"379";"2026-06-20 16:04:10"
759;381;"scale_down";"cpu";0.42;20.57;1.35;50.0;"";"";"";"381";"2026-06-20 16:05:17"
761;382;"scale_down";"cpu";0.47;20.3;1.52;50.0;"";"";"";"382";"2026-06-20 16:07:47"
763;383;"scale_down";"cpu";1.07;39.3;3.21;50.0;"";"";"";"383";"2026-06-20 16:07:47"
768;387;"scale_down";"cpu";6.36;52.8;6.99;25.0;"";"";"";"387";"2026-06-20 16:09:32"
770;388;"scale_down";"cpu";5.77;39.17;1.97;50.0;"";"";"";"388";"2026-06-20 16:12:26"
772;389;"scale_down";"cpu";1.77;30.87;1.8;50.0;"";"";"";"389";"2026-06-20 16:12:26"
774;390;"scale_down";"cpu";3.18;40.5;5.35;50.0;"";"";"";"390";"2026-06-20 16:12:26"
776;391;"scale_down";"cpu";1.47;22.6;2.71;50.0;"";"";"";"391";"2026-06-20 16:14:20"
778;392;"scale_down";"cpu";2.12;36.07;2.79;50.0;"";"";"";"392";"2026-06-20 16:14:20"
780;393;"scale_down";"cpu";2.2;41.3;20.33;50.0;"";"";"";"393";"2026-06-20 16:17:13"
782;394;"scale_down";"cpu";1.6;18.87;1.14;50.0;"";"";"";"394";"2026-06-20 16:17:13"
784;395;"scale_down";"cpu";0.63;18.4;0.86;50.0;"";"";"";"395";"2026-06-20 16:17:13"
786;396;"scale_down";"cpu";1.92;32.0;1.92;50.0;"";"";"";"396";"2026-06-20 16:18:54"
788;397;"no_change";"cpu";4.85;67.33;6.38;0.0;"";"";"";"397";"2026-06-20 16:18:54"
790;398;"scale_down";"cpu";0.47;12.27;0.32;50.0;"";"";"";"398";"2026-06-20 16:21:38"
792;399;"scale_down";"cpu";0.97;25.13;1.92;50.0;"";"";"";"399";"2026-06-20 16:21:38"
794;400;"scale_down";"cpu";0.46;20.13;0.19;50.0;"";"";"";"400";"2026-06-20 16:21:39"
796;401;"scale_down";"cpu";0.11;8.43;0.68;50.0;"";"";"";"401";"2026-06-20 16:23:06"
798;402;"scale_down";"cpu";0.11;8.73;0.83;50.0;"";"";"";"402";"2026-06-20 16:23:06"
800;403;"scale_down";"cpu";0.12;10.63;0.02;50.0;"";"";"";"403";"2026-06-20 16:26:02"
802;404;"scale_down";"cpu";0.36;6.07;20.96;50.0;"";"";"";"404";"2026-06-20 16:26:02"
804;405;"no_change";"cpu";20.64;75.73;0.32;0.0;"";"";"";"405";"2026-06-20 16:26:02"
806;406;"no_change";"cpu";15.15;72.0;20.62;0.0;"";"";"";"406";"2026-06-20 16:27:41"
808;407;"no_change";"cpu";9.48;73.2;14.28;0.0;"";"";"";"407";"2026-06-20 16:27:41"
810;408;"scale_down";"cpu";0.87;22.8;0.98;50.0;"";"";"";"408";"2026-06-20 16:30:40"
812;409;"scale_down";"cpu";0.94;21.33;2.08;50.0;"";"";"";"409";"2026-06-20 16:30:40"
814;410;"scale_down";"cpu";16.0;56.77;1.89;25.0;"";"";"";"410";"2026-06-20 16:30:41"
816;411;"scale_down";"cpu";3.8;39.57;4.45;50.0;"";"";"";"411";"2026-06-20 16:32:29"
818;412;"no_change";"cpu";18.29;83.57;14.77;0.0;"";"";"";"412";"2026-06-20 16:32:29"
820;413;"scale_down";"cpu";1.75;23.97;2.68;50.0;"";"";"";"413";"2026-06-20 16:35:23"
822;414;"scale_down";"cpu";1.7;36.47;20.63;50.0;"";"";"";"414";"2026-06-20 16:35:23"
824;415;"no_change";"cpu";4.42;68.3;7.79;0.0;"";"";"";"415";"2026-06-20 16:35:23"
826;416;"no_change";"cpu";12.62;91.47;11.67;0.0;"";"";"";"416";"2026-06-20 16:37:11"
828;417;"scale_down";"cpu";0.65;29.53;1.04;50.0;"";"";"";"417";"2026-06-20 16:37:11"
830;418;"scale_down";"cpu";3.65;20.73;7.06;50.0;"";"";"";"418";"2026-06-20 16:40:29"
832;419;"scale_down";"cpu";14.69;39.9;27.9;50.0;"";"";"";"419";"2026-06-20 16:40:29"
834;420;"scale_down";"cpu";6.61;29.3;2.53;50.0;"";"";"";"420";"2026-06-20 16:40:29"
836;421;"scale_down";"cpu";4.8;41.37;5.6;50.0;"";"";"";"421";"2026-06-20 16:42:08"
838;422;"scale_down";"cpu";2.75;24.63;3.59;50.0;"";"";"";"422";"2026-06-20 16:42:08"
840;423;"scale_down";"cpu";1.27;17.4;0.2;50.0;"";"";"";"423";"2026-06-20 16:45:00"
842;424;"no_change";"cpu";4.41;89.03;3.89;0.0;"";"";"";"424";"2026-06-20 16:45:00"
844;425;"scale_down";"cpu";11.04;41.67;18.2;50.0;"";"";"";"425";"2026-06-20 16:45:00"
846;426;"scale_down";"cpu";8.15;31.37;5.47;50.0;"";"";"";"426";"2026-06-20 16:46:47"
848;427;"no_change";"cpu";7.17;60.83;1.53;0.0;"";"";"";"427";"2026-06-20 16:46:47"
850;428;"no_change";"cpu";7.32;69.87;11.13;0.0;"";"";"";"428";"2026-06-20 16:49:41"
852;429;"scale_down";"cpu";2.03;41.77;3.58;50.0;"";"";"";"429";"2026-06-20 16:49:41"
854;430;"no_change";"cpu";7.25;67.6;9.04;0.0;"";"";"";"430";"2026-06-20 16:49:41"
856;431;"scale_down";"cpu";5.75;59.5;6.99;25.0;"";"";"";"431";"2026-06-20 16:51:35"
858;432;"scale_down";"cpu";7.96;32.7;15.43;50.0;"";"";"";"432";"2026-06-20 16:51:35"
860;433;"scale_down";"cpu";1.55;16.87;8.29;50.0;"";"";"";"433";"2026-06-20 16:54:45"
862;434;"scale_down";"cpu";2.18;37.77;2.32;50.0;"";"";"";"434";"2026-06-20 16:54:45"
864;435;"no_change";"cpu";4.09;61.17;7.9;0.0;"";"";"";"435";"2026-06-20 16:54:45"
866;436;"scale_down";"cpu";1.96;29.4;2.73;50.0;"";"";"";"436";"2026-06-20 16:56:35"
868;437;"scale_down";"cpu";3.37;56.3;3.31;25.0;"";"";"";"437";"2026-06-20 16:56:35"
870;438;"scale_down";"cpu";1.04;21.13;1.79;50.0;"";"";"";"438";"2026-06-20 16:59:38"
872;439;"scale_down";"cpu";4.15;29.23;7.03;50.0;"";"";"";"439";"2026-06-20 16:59:38"
874;440;"scale_down";"cpu";2.32;36.0;3.73;50.0;"";"";"";"440";"2026-06-20 16:59:38"
876;441;"scale_down";"cpu";2.27;34.6;4.32;50.0;"";"";"";"441";"2026-06-20 17:01:29"
878;442;"scale_down";"cpu";7.62;54.9;6.57;25.0;"";"";"";"442";"2026-06-20 17:01:29"
880;443;"scale_down";"cpu";0.72;22.83;0.85;50.0;"";"";"";"443";"2026-06-20 17:04:22"
882;444;"scale_down";"cpu";3.74;46.6;3.75;25.0;"";"";"";"444";"2026-06-20 17:04:22"
884;445;"scale_down";"cpu";4.4;39.93;6.05;50.0;"";"";"";"445";"2026-06-20 17:04:22"
886;446;"scale_down";"cpu";2.73;37.77;3.94;50.0;"";"";"";"446";"2026-06-20 17:06:10"
888;447;"scale_down";"cpu";4.97;54.73;3.51;25.0;"";"";"";"447";"2026-06-20 17:06:10"
890;448;"scale_down";"cpu";1.48;29.83;3.51;50.0;"";"";"";"448";"2026-06-20 17:09:13"
892;449;"scale_down";"cpu";3.3;47.7;4.2;25.0;"";"";"";"449";"2026-06-20 17:09:13"
894;450;"scale_down";"cpu";3.57;43.57;7.57;50.0;"";"";"";"450";"2026-06-20 17:09:13"
896;451;"scale_down";"cpu";3.16;37.6;5.68;50.0;"";"";"";"451";"2026-06-20 17:11:05"
898;452;"scale_down";"cpu";13.22;57.23;36.83;25.0;"";"";"";"452";"2026-06-20 17:11:05"
900;453;"scale_down";"cpu";8.4;49.23;13.25;25.0;"";"";"";"453";"2026-06-20 17:14:22"
902;454;"scale_down";"cpu";4.19;38.5;6.01;50.0;"";"";"";"454";"2026-06-20 17:14:22"
904;455;"scale_down";"cpu";1.91;25.1;3.28;50.0;"";"";"";"455";"2026-06-20 17:14:22"
906;456;"scale_down";"cpu";2.63;25.23;8.41;50.0;"";"";"";"456";"2026-06-20 17:16:12"
908;457;"scale_down";"cpu";2.27;21.07;7.17;50.0;"";"";"";"457";"2026-06-20 17:16:12"
910;458;"scale_down";"cpu";7.65;52.2;13.32;25.0;"";"";"";"458";"2026-06-20 17:19:14"
912;459;"no_change";"cpu";16.78;82.0;31.97;0.0;"";"";"";"459";"2026-06-20 17:19:14"
914;460;"no_change";"cpu";21.09;69.47;23.1;0.0;"";"";"";"460";"2026-06-20 17:19:14"
916;461;"scale_down";"cpu";1.94;33.63;2.81;50.0;"";"";"";"461";"2026-06-20 17:21:01"
918;462;"scale_down";"cpu";2.57;51.37;6.31;25.0;"";"";"";"462";"2026-06-20 17:21:01"
920;463;"no_change";"cpu";5.98;73.83;8.36;0.0;"";"";"";"463";"2026-06-20 17:23:55"
922;464;"no_change";"cpu";5.62;69.9;10.79;0.0;"";"";"";"464";"2026-06-20 17:23:55"
924;465;"scale_down";"cpu";2.44;51.37;2.9;25.0;"";"";"";"465";"2026-06-20 17:23:55"
926;466;"scale_down";"cpu";5.66;54.2;7.44;25.0;"";"";"";"466";"2026-06-20 17:25:34"
928;467;"scale_down";"cpu";4.72;31.87;7.13;50.0;"";"";"";"467";"2026-06-20 17:25:34"
930;468;"scale_down";"cpu";4.67;27.8;7.16;50.0;"";"";"";"468";"2026-06-20 17:28:38"
932;469;"scale_down";"cpu";4.56;35.07;5.65;50.0;"";"";"";"469";"2026-06-20 17:28:38"
934;470;"no_change";"cpu";6.32;83.13;9.79;0.0;"";"";"";"470";"2026-06-20 17:28:38"
936;471;"scale_down";"cpu";13.95;58.77;33.61;25.0;"";"";"";"471";"2026-06-20 17:30:27"
938;472;"no_change";"cpu";6.4;73.43;8.32;0.0;"";"";"";"472";"2026-06-20 17:30:27"
940;473;"no_change";"cpu";41.47;96.0;48.56;0.0;"";"";"";"473";"2026-06-20 17:33:27"
942;474;"no_change";"cpu";7.73;71.67;10.5;0.0;"";"";"";"474";"2026-06-20 17:33:27"
944;475;"no_change";"cpu";7.7;69.13;10.01;0.0;"";"";"";"475";"2026-06-20 17:33:27"
946;476;"no_change";"cpu";8.53;79.83;11.88;0.0;"";"";"";"476";"2026-06-20 17:35:08"
948;477;"no_change";"cpu";43.06;97.43;12.5;0.0;"";"";"";"477";"2026-06-20 17:35:08"
950;478;"no_change";"cpu";7.47;93.0;9.19;0.0;"";"";"";"478";"2026-06-20 17:38:05"
952;479;"no_change";"cpu";6.32;70.5;8.53;0.0;"";"";"";"479";"2026-06-20 17:38:05"
954;480;"scale_down";"cpu";0.96;27.5;0.8;50.0;"";"";"";"480";"2026-06-20 17:38:05"
956;481;"scale_down";"cpu";1.74;29.67;2.76;50.0;"";"";"";"481";"2026-06-20 17:40:06"
958;482;"scale_down";"cpu";2.73;56.57;2.75;25.0;"";"";"";"482";"2026-06-20 17:40:06"
960;483;"scale_down";"cpu";3.06;37.47;5.71;50.0;"";"";"";"483";"2026-06-20 17:43:13"
962;484;"scale_down";"cpu";6.11;43.53;6.82;50.0;"";"";"";"484";"2026-06-20 17:43:13"
964;485;"scale_down";"cpu";2.1;41.23;3.65;50.0;"";"";"";"485";"2026-06-20 17:43:13"
966;486;"scale_down";"cpu";3.74;45.73;4.58;25.0;"";"";"";"486";"2026-06-20 17:44:57"
968;487;"scale_down";"cpu";0.53;17.37;0.1;50.0;"";"";"";"487";"2026-06-20 17:44:57"
970;488;"scale_down";"cpu";1.72;29.0;4.79;50.0;"";"";"";"488";"2026-06-20 17:47:58"
972;489;"no_change";"cpu";7.66;81.07;15.66;0.0;"";"";"";"489";"2026-06-20 17:47:58"
974;490;"scale_down";"cpu";2.5;38.47;1.13;50.0;"";"";"";"490";"2026-06-20 17:47:58"
976;491;"scale_down";"cpu";4.08;30.1;5.16;50.0;"";"";"";"491";"2026-06-20 17:49:50"
978;492;"scale_down";"cpu";9.15;59.6;9.39;25.0;"";"";"";"492";"2026-06-20 17:49:50"
980;493;"no_change";"cpu";9.57;82.2;17.02;0.0;"";"";"";"493";"2026-06-20 17:52:51"
982;494;"no_change";"cpu";5.24;76.4;9.67;0.0;"";"";"";"494";"2026-06-20 17:52:51"
984;495;"scale_down";"cpu";0.27;22.07;0.53;50.0;"";"";"";"495";"2026-06-20 17:52:51"
986;496;"scale_down";"cpu";2.23;42.87;2.17;50.0;"";"";"";"496";"2026-06-20 17:54:46"
988;497;"no_change";"cpu";5.42;65.57;10.83;0.0;"";"";"";"497";"2026-06-20 17:54:46"
990;498;"no_change";"cpu";2.76;68.7;8.27;0.0;"";"";"";"498";"2026-06-20 17:57:40"
992;499;"no_change";"cpu";3.13;73.73;5.33;0.0;"";"";"";"499";"2026-06-20 17:57:40"
994;500;"no_change";"cpu";24.67;94.03;29.11;0.0;"";"";"";"500";"2026-06-20 17:57:40"
996;501;"no_change";"cpu";13.84;90.3;25.13;0.0;"";"";"";"501";"2026-06-20 17:59:11"
998;502;"scale_down";"cpu";1.27;15.83;2.77;50.0;"";"";"";"502";"2026-06-20 17:59:11"
1000;503;"scale_down";"cpu";2.97;46.5;4.84;25.0;"";"";"";"503";"2026-06-20 18:00:59"
1002;504;"scale_down";"cpu";1.46;48.47;2.27;25.0;"";"";"";"504";"2026-06-20 18:00:59"
