"vm_id";"vm_name";"cpu_count";"cpu_core_count";"ram";"hypervisor";"resize_type"
1;"host51";1;2;3666;"Hyper-v";"no_change"
2;"host52";1;3;8192;"Hyper-v";"no_change"
3;"host53";2;4;64306;"Hyper-v";"no_change"
4;"host54";2;1;15762;"Hyper-v";"no_change"
5;"host55";4;1;63890;"Hyper-v";"no_change"
6;"host56";2;2;7698;"Hyper-v";"no_change"
7;"host57";32;1;31882;"Hyper-v";"no_change"
8;"host58";1;2;7698;"Hyper-v";"no_change"
9;"host59";2;2;15762;"Hyper-v";"no_change"
10;"host60";1;4;65536;"Hyper-v";"no_change"
11;"host61";1;2;8192;"Hyper-v";"no_change"
12;"host62";2;4;40960;"Hyper-v";"no_change"
13;"host63";2;2;49152;"Hyper-v";"no_change"
14;"host64";1;8;65536;"Hyper-v";"no_change"
15;"host65";4;8;131072;"Hyper-v";"no_change"
16;"host66";1;8;49152;"Hyper-v";"no_change"
17;"host67";1;4;8192;"Hyper-v";"no_change"
18;"host68";1;2;8192;"Hyper-v";"no_change"
19;"host69";1;2;8192;"Hyper-v";"no_change"
20;"host70";2;8;131072;"Hyper-v";"no_change"
21;"host71";1;8;24576;"Hyper-v";"no_change"
22;"host72";1;4;16384;"Hyper-v";"no_change"
23;"host73";2;4;24576;"Hyper-v";"no_change"
24;"host74";1;8;16384;"Hyper-v";"no_change"
25;"host75";1;4;16384;"Hyper-v";"no_change"
26;"host76";2;8;75776;"Hyper-v";"no_change"
27;"host77";3;2;40960;"Hyper-v";"no_change"
28;"host78";1;4;24576;"Hyper-v";"no_change"
29;"host79";8;0;0;"Hyper-v";"no_change"
30;"host80";1;2;7698;"Hyper-v";"no_change"
31;"host81";3;2;16384;"Hyper-v";"no_change"
32;"host82";4;1;16384;"Hyper-v";"no_change"
33;"host83";4;1;8192;"Hyper-v";"no_change"
34;"host84";4;2;65536;"Hyper-v";"no_change"
35;"host85";1;2;8192;"Hyper-v";"no_change"
36;"host86";8;2;65536;"Hyper-v";"no_change"
37;"host87";2;2;49152;"Hyper-v";"no_change"
38;"host88";1;2;8192;"Hyper-v";"no_change"
39;"host89";1;4;32768;"Hyper-v";"no_change"
40;"host90";1;4;16384;"Hyper-v";"no_change"
41;"host91";2;8;131072;"Hyper-v";"no_change"
42;"host92";1;2;8192;"Hyper-v";"no_change"
43;"host93";2;2;12288;"Hyper-v";"no_change"
44;"host94";1;1;4096;"Hyper-v";"no_change"
45;"host95";1;4;8192;"Hyper-v";"no_change"
46;"host96";2;8;131072;"Hyper-v";"no_change"
47;"host97";6;1;16384;"Hyper-v";"no_change"
48;"host98";2;4;65536;"Hyper-v";"no_change"
49;"host99";2;2;16384;"Hyper-v";"no_change"
50;"host100";1;3;8192;"Hyper-v";"no_change"
51;"host101";2;3;8192;"Hyper-v";"no_change"
52;"host102";2;4;65536;"Hyper-v";"no_change"
53;"host103";1;4;65536;"Hyper-v";"no_change"
54;"host104";6;1;32768;"Hyper-v";"no_change"
55;"host105";2;2;32768;"Hyper-v";"no_change"
56;"host106";1;2;8192;"Hyper-v";"no_change"
57;"host107";1;8;49152;"Hyper-v";"no_change"
58;"host108";1;4;32768;"Hyper-v";"no_change"
59;"host109";1;2;8192;"Hyper-v";"no_change"
60;"host110";1;8;40960;"Hyper-v";"no_change"
61;"host111";4;4;131072;"Hyper-v";"no_change"
62;"host112";2;12;65536;"Hyper-v";"no_change"
63;"host113";4;2;65536;"Hyper-v";"no_change"
64;"host114";4;4;32768;"Hyper-v";"no_change"
65;"host115";1;4;32768;"Hyper-v";"no_change"
66;"host116";1;8;65536;"Hyper-v";"no_change"
67;"host117";1;8;65536;"Hyper-v";"no_change"
68;"host118";2;4;65536;"Hyper-v";"no_change"
69;"host119";2;2;24576;"Hyper-v";"no_change"
70;"host120";2;1;8192;"Hyper-v";"no_change"
71;"host121";1;2;8192;"Hyper-v";"no_change"
72;"host122";6;2;65536;"Hyper-v";"no_change"
73;"host123";1;2;8192;"Hyper-v";"no_change"
74;"host124";2;12;131072;"Hyper-v";"no_change"
75;"host125";2;12;131072;"Hyper-v";"no_change"
76;"host126";4;2;36864;"Hyper-v";"no_change"
77;"host127";6;1;32768;"Hyper-v";"no_change"
78;"host128";1;2;40960;"Hyper-v";"no_change"
79;"host129";1;4;12288;"Hyper-v";"no_change"
80;"host130";3;8;65536;"Hyper-v";"no_change"
81;"host131";4;6;131072;"Hyper-v";"no_change"
82;"host132";4;8;131072;"Hyper-v";"no_change"
83;"host133";4;6;131072;"Hyper-v";"no_change"
84;"host134";2;1;8192;"Hyper-v";"no_change"
85;"host135";4;1;32768;"Hyper-v";"no_change"
86;"host136";1;8;65536;"Hyper-v";"no_change"
87;"host137";3;8;65536;"Hyper-v";"no_change"
88;"host138";3;8;65536;"Hyper-v";"no_change"
89;"host139";1;8;65536;"Hyper-v";"no_change"
90;"host140";1;8;49152;"Hyper-v";"no_change"
91;"host141";3;8;131072;"Hyper-v";"no_change"
92;"host142";1;1;4096;"Hyper-v";"no_change"
93;"host143";3;8;131072;"Hyper-v";"no_change"
94;"host144";1;8;65536;"Hyper-v";"no_change"
95;"host145";4;1;32768;"Hyper-v";"no_change"
96;"host146";3;4;98304;"Hyper-v";"no_change"
97;"host147";2;1;8192;"Hyper-v";"no_change"
98;"host148";8;0;0;"Hyper-v";"no_change"
99;"host149";1;2;32768;"Hyper-v";"no_change"
100;"host150";4;2;32768;"Hyper-v";"no_change"
101;"host151";1;4;12288;"Hyper-v";"no_change"
102;"host152";1;8;122880;"Hyper-v";"no_change"
103;"host153";1;8;65536;"Hyper-v";"no_change"
104;"host154";4;1;32768;"Hyper-v";"no_change"
105;"host155";4;2;16384;"Hyper-v";"no_change"
106;"host156";4;1;32768;"Hyper-v";"no_change"
107;"host157";4;1;32768;"Hyper-v";"no_change"
108;"host158";1;4;16384;"Hyper-v";"no_change"
109;"host159";2;8;65536;"Hyper-v";"no_change"
110;"host160";4;1;16384;"Hyper-v";"no_change"
111;"host161";2;1;10240;"Hyper-v";"no_change"
112;"host162";8;1;131072;"Hyper-v";"no_change"
113;"host163";4;1;16384;"Hyper-v";"no_change"
114;"host164";8;1;32768;"Hyper-v";"no_change"
115;"host165";6;1;32768;"Hyper-v";"no_change"
116;"host166";1;8;16384;"Hyper-v";"no_change"
117;"host167";4;2;24576;"Hyper-v";"no_change"
118;"host168";1;2;3660;"Hyper-v";"no_change"
119;"host169";2;2;16384;"Hyper-v";"no_change"
120;"host170";2;2;24576;"Hyper-v";"no_change"
121;"host171";2;4;65535;"Hyper-v";"no_change"
122;"host172";3;2;65535;"Hyper-v";"no_change"
123;"host173";2;4;65535;"Hyper-v";"no_change"
124;"host174";3;6;65535;"Hyper-v";"no_change"
125;"host175";3;6;65535;"Hyper-v";"no_change"
126;"host176";1;4;8192;"Hyper-v";"no_change"
127;"host177";1;4;16384;"Hyper-v";"no_change"
128;"host178";2;1;12288;"Hyper-v";"no_change"
129;"host179";12;1;32768;"Hyper-v";"no_change"
130;"host180";12;1;32768;"Hyper-v";"no_change"
131;"host181";12;1;24576;"Hyper-v";"no_change"
132;"host182";4;1;8192;"Hyper-v";"no_change"
133;"host183";8;1;65536;"Hyper-v";"no_change"
134;"host184";4;2;32768;"Hyper-v";"no_change"
135;"host185";1;8;8192;"Hyper-v";"no_change"
136;"host186";8;1;16384;"Hyper-v";"no_change"
137;"host187";8;1;16384;"Hyper-v";"no_change"
138;"host188";4;1;12288;"Hyper-v";"no_change"
139;"host189";2;16;65536;"Hyper-v";"no_change"
140;"host190";49;1;65536;"Hyper-v";"no_change"
141;"host191";4;1;16384;"Hyper-v";"no_change"
142;"host192";4;1;8192;"Hyper-v";"no_change"
143;"host193";4;1;8192;"Hyper-v";"no_change"
144;"host194";2;1;20480;"Hyper-v";"no_change"
145;"host195";2;2;8192;"Hyper-v";"no_change"
146;"host196";1;6;24576;"Hyper-v";"no_change"
147;"host197";8;1;32768;"Hyper-v";"no_change"
148;"host198";4;1;24576;"Hyper-v";"no_change"
149;"host199";4;4;16384;"Hyper-v";"no_change"
150;"host200";4;4;16384;"Hyper-v";"no_change"
151;"host201";16;1;613037;"Hyper-v";"no_change"
152;"host202";16;1;214260;"Hyper-v";"no_change"
153;"host203";4;1;81920;"Hyper-v";"no_change"
154;"host204";6;1;24576;"Hyper-v";"no_change"
155;"host205";8;1;40960;"Hyper-v";"no_change"
156;"host206";2;1;12288;"Hyper-v";"no_change"
157;"host207";4;1;16384;"Hyper-v";"no_change"
158;"host208";4;1;16384;"Hyper-v";"no_change"
159;"host209";4;1;16384;"Hyper-v";"no_change"
160;"host210";8;1;32768;"Hyper-v";"no_change"
161;"host211";8;1;65536;"Hyper-v";"no_change"
162;"host212";8;1;65536;"Hyper-v";"no_change"
163;"host213";8;4;131072;"Hyper-v";"no_change"
164;"host214";4;1;16384;"Hyper-v";"no_change"
165;"host215";8;1;32768;"Hyper-v";"no_change"
166;"host216";16;1;200704;"Hyper-v";"no_change"
167;"host217";12;1;32768;"Hyper-v";"no_change"
168;"host218";8;1;32768;"Hyper-v";"no_change"
169;"host219";6;1;262144;"Hyper-v";"no_change"
170;"host220";6;1;12288;"Hyper-v";"no_change"
171;"host221";1;8;15680;"Hyper-v";"no_change"
172;"host222";8;1;32768;"Hyper-v";"no_change"
173;"host223";12;1;73728;"Hyper-v";"no_change"
174;"host224";2;5;32768;"Hyper-v";"no_change"
175;"host225";8;1;65536;"Hyper-v";"no_change"
176;"host226";2;1;12288;"Hyper-v";"no_change"
177;"host227";2;1;7698;"Hyper-v";"no_change"
178;"host228";3;2;16384;"Hyper-v";"no_change"
179;"host229";2;4;65536;"Hyper-v";"no_change"
180;"host230";1;2;8192;"Hyper-v";"no_change"
181;"host231";5;2;24576;"Hyper-v";"no_change"
182;"host232";8;1;16384;"Hyper-v";"no_change"
183;"host233";10;1;32768;"Hyper-v";"no_change"
184;"host234";5;2;24576;"Hyper-v";"no_change"
185;"host235";4;1;11706;"Hyper-v";"no_change"
186;"host236";1;1;4096;"Hyper-v";"no_change"
187;"host237";8;1;32768;"Hyper-v";"no_change"
188;"host238";8;1;32768;"Hyper-v";"no_change"
189;"host239";3;2;32768;"Hyper-v";"no_change"
190;"host240";1;2;8192;"Hyper-v";"no_change"
191;"host241";12;1;67584;"Hyper-v";"no_change"
192;"host242";2;16;131040;"Hyper-v";"no_change"
193;"host243";2;16;131040;"Hyper-v";"no_change"
194;"host244";0;1;0;"Hyper-v";"no_change"
195;"host245";2;2;16384;"Hyper-v";"no_change"
196;"host246";5;2;49152;"Hyper-v";"no_change"
197;"host247";6;1;32768;"Hyper-v";"no_change"
198;"host248";1;1;4096;"Hyper-v";"no_change"
199;"host249";16;1;262144;"Hyper-v";"no_change"
200;"host250";2;2;16384;"Hyper-v";"no_change"
201;"host251";2;2;12288;"Hyper-v";"no_change"
202;"host252";4;1;32768;"Hyper-v";"no_change"
203;"host253";4;2;16384;"Hyper-v";"no_change"
204;"host254";3;1;16384;"Hyper-v";"no_change"
205;"host255";8;1;63889;"Hyper-v";"no_change"
206;"host256";4;1;16384;"Hyper-v";"no_change"
207;"host257";4;1;15730;"Hyper-v";"no_change"
208;"host258";2;2;16384;"Hyper-v";"no_change"
209;"host259";4;2;16384;"Hyper-v";"no_change"
210;"host260";4;2;16384;"Hyper-v";"no_change"
211;"host261";6;1;16384;"Hyper-v";"no_change"
212;"host262";6;1;24576;"Hyper-v";"no_change"
213;"host263";6;1;16384;"Hyper-v";"no_change"
214;"host264";6;1;32768;"Hyper-v";"no_change"
215;"host265";6;1;16384;"Hyper-v";"no_change"
216;"host266";1;1;3634;"Hyper-v";"no_change"
217;"host267";4;2;65536;"Hyper-v";"no_change"
218;"host268";4;2;65536;"Hyper-v";"no_change"
219;"host269";4;1;32768;"Hyper-v";"no_change"
220;"host270";4;1;16384;"Hyper-v";"no_change"
221;"host271";4;1;15950;"Hyper-v";"no_change"
222;"host272";1;2;8192;"Hyper-v";"no_change"
223;"host273";2;16;262112;"Hyper-v";"no_change"
224;"host274";2;2;16384;"Hyper-v";"no_change"
225;"host275";8;4;65536;"Hyper-v";"no_change"
226;"host276";2;12;131072;"Hyper-v";"no_change"
227;"host277";2;3;16384;"Hyper-v";"no_change"
228;"host278";6;2;16384;"Hyper-v";"no_change"
229;"host279";2;1;7654;"Hyper-v";"no_change"
230;"host280";2;4;24576;"Hyper-v";"no_change"
231;"host281";5;2;32768;"Hyper-v";"no_change"
232;"host282";2;16;128274;"Hyper-v";"no_change"
233;"host283";2;4;63762;"Hyper-v";"no_change"
234;"host284";1;4;15706;"Hyper-v";"no_change"
235;"host285";1;2;3666;"Hyper-v";"no_change"
236;"host286";1;3;8192;"Hyper-v";"no_change"
237;"host287";2;4;64306;"Hyper-v";"no_change"
238;"host288";2;1;15762;"Hyper-v";"no_change"
239;"host289";4;1;63890;"Hyper-v";"no_change"
240;"host290";2;2;7698;"Hyper-v";"no_change"
241;"host291";32;1;31882;"Hyper-v";"no_change"
242;"host292";1;2;7698;"Hyper-v";"no_change"
243;"host293";2;2;15762;"Hyper-v";"no_change"
244;"host294";1;4;65536;"Hyper-v";"no_change"
245;"host295";1;2;8192;"Hyper-v";"no_change"
246;"host296";2;4;40960;"Hyper-v";"no_change"
247;"host297";2;2;49152;"Hyper-v";"no_change"
248;"host298";1;8;65536;"Hyper-v";"no_change"
249;"host299";4;8;131072;"Hyper-v";"no_change"
250;"host300";1;8;49152;"Hyper-v";"no_change"
251;"host301";1;4;8192;"Hyper-v";"no_change"
252;"host302";1;2;8192;"Hyper-v";"no_change"
253;"host303";1;2;8192;"Hyper-v";"no_change"
254;"host304";2;8;131072;"Hyper-v";"no_change"
255;"host305";1;8;24576;"Hyper-v";"no_change"
256;"host306";1;4;16384;"Hyper-v";"no_change"
257;"host307";2;4;24576;"Hyper-v";"no_change"
258;"host308";1;8;16384;"Hyper-v";"no_change"
259;"host309";1;4;16384;"Hyper-v";"no_change"
260;"host310";2;8;75776;"Hyper-v";"no_change"
261;"host311";3;2;40960;"Hyper-v";"no_change"
262;"host312";1;4;24576;"Hyper-v";"no_change"
263;"host313";8;0;0;"Hyper-v";"no_change"
264;"host314";1;2;7698;"Hyper-v";"no_change"
265;"host315";3;2;16384;"Hyper-v";"no_change"
266;"host316";4;1;16384;"Hyper-v";"no_change"
267;"host317";4;1;8192;"Hyper-v";"no_change"
268;"host318";4;2;65536;"Hyper-v";"no_change"
269;"host319";1;2;8192;"Hyper-v";"no_change"
270;"host320";8;2;65536;"Hyper-v";"no_change"
271;"host321";2;2;49152;"Hyper-v";"no_change"
272;"host322";1;2;8192;"Hyper-v";"no_change"
273;"host323";1;4;32768;"Hyper-v";"no_change"
274;"host324";1;4;16384;"Hyper-v";"no_change"
275;"host325";2;8;131072;"Hyper-v";"no_change"
276;"host326";1;2;8192;"Hyper-v";"no_change"
277;"host327";2;2;12288;"Hyper-v";"no_change"
278;"host328";1;1;4096;"Hyper-v";"no_change"
279;"host329";1;4;8192;"Hyper-v";"no_change"
280;"host330";2;8;131072;"Hyper-v";"no_change"
281;"host331";6;1;16384;"Hyper-v";"no_change"
282;"host332";2;4;65536;"Hyper-v";"no_change"
283;"host333";2;2;16384;"Hyper-v";"no_change"
284;"host334";1;3;8192;"Hyper-v";"no_change"
285;"host335";2;3;8192;"Hyper-v";"no_change"
286;"host336";2;4;65536;"Hyper-v";"no_change"
287;"host337";1;4;65536;"Hyper-v";"no_change"
288;"host338";6;1;32768;"Hyper-v";"no_change"
289;"host339";2;2;32768;"Hyper-v";"no_change"
290;"host340";1;2;8192;"Hyper-v";"no_change"
291;"host341";1;8;49152;"Hyper-v";"no_change"
292;"host342";1;4;32768;"Hyper-v";"no_change"
293;"host343";1;2;8192;"Hyper-v";"no_change"
294;"host344";1;8;40960;"Hyper-v";"no_change"
295;"host345";4;4;131072;"Hyper-v";"no_change"
296;"host346";2;12;65536;"Hyper-v";"no_change"
297;"host347";4;2;65536;"Hyper-v";"no_change"
298;"host348";4;4;32768;"Hyper-v";"no_change"
299;"host349";1;4;32768;"Hyper-v";"no_change"
300;"host350";1;8;65536;"Hyper-v";"no_change"
301;"host351";1;8;65536;"Hyper-v";"no_change"
302;"host352";2;4;65536;"Hyper-v";"no_change"
303;"host353";2;2;24576;"Hyper-v";"no_change"
304;"host354";2;1;8192;"Hyper-v";"no_change"
305;"host355";1;2;8192;"Hyper-v";"no_change"
306;"host356";6;2;65536;"Hyper-v";"no_change"
307;"host357";1;2;8192;"Hyper-v";"no_change"
308;"host358";2;12;131072;"Hyper-v";"no_change"
309;"host359";2;12;131072;"Hyper-v";"no_change"
310;"host360";4;2;36864;"Hyper-v";"no_change"
311;"host361";6;1;32768;"Hyper-v";"no_change"
312;"host362";1;2;40960;"Hyper-v";"no_change"
313;"host363";1;4;12288;"Hyper-v";"no_change"
314;"host364";3;8;65536;"Hyper-v";"no_change"
315;"host365";4;6;131072;"Hyper-v";"no_change"
316;"host366";4;8;131072;"Hyper-v";"no_change"
317;"host367";4;6;131072;"Hyper-v";"no_change"
318;"host368";2;1;8192;"Hyper-v";"no_change"
319;"host369";4;1;32768;"Hyper-v";"no_change"
320;"host370";1;8;65536;"Hyper-v";"no_change"
321;"host371";3;8;65536;"Hyper-v";"no_change"
322;"host372";3;8;65536;"Hyper-v";"no_change"
323;"host373";1;8;65536;"Hyper-v";"no_change"
324;"host374";1;8;49152;"Hyper-v";"no_change"
325;"host375";3;8;131072;"Hyper-v";"no_change"
326;"host376";1;1;4096;"Hyper-v";"no_change"
327;"host377";3;8;131072;"Hyper-v";"no_change"
328;"host378";1;8;65536;"Hyper-v";"no_change"
329;"host379";4;1;32768;"Hyper-v";"no_change"
330;"host380";3;4;98304;"Hyper-v";"no_change"
331;"host381";2;1;8192;"Hyper-v";"no_change"
332;"host382";8;0;0;"Hyper-v";"no_change"
333;"host383";1;2;32768;"Hyper-v";"no_change"
334;"host384";4;2;32768;"Hyper-v";"no_change"
335;"host385";1;4;12288;"Hyper-v";"no_change"
336;"host386";1;8;122880;"Hyper-v";"no_change"
337;"host387";1;8;65536;"Hyper-v";"no_change"
338;"host388";4;1;32768;"Hyper-v";"no_change"
339;"host389";4;2;16384;"Hyper-v";"no_change"
340;"host390";4;1;32768;"Hyper-v";"no_change"
341;"host391";4;1;32768;"Hyper-v";"no_change"
342;"host392";1;4;16384;"Hyper-v";"no_change"
343;"host393";2;8;65536;"Hyper-v";"no_change"
344;"host394";4;1;16384;"Hyper-v";"no_change"
345;"host395";2;1;10240;"Hyper-v";"no_change"
346;"host396";8;1;131072;"Hyper-v";"no_change"
347;"host397";4;1;16384;"Hyper-v";"no_change"
348;"host398";8;1;32768;"Hyper-v";"no_change"
349;"host399";6;1;32768;"Hyper-v";"no_change"
350;"host400";1;8;16384;"Hyper-v";"no_change"
351;"host401";4;2;24576;"Hyper-v";"no_change"
352;"host402";1;2;3660;"Hyper-v";"no_change"
353;"host403";2;2;16384;"Hyper-v";"no_change"
354;"host404";2;2;24576;"Hyper-v";"no_change"
355;"host405";2;4;65535;"Hyper-v";"no_change"
356;"host406";3;2;65535;"Hyper-v";"no_change"
357;"host407";2;4;65535;"Hyper-v";"no_change"
358;"host408";3;6;65535;"Hyper-v";"no_change"
359;"host409";3;6;65535;"Hyper-v";"no_change"
360;"host410";1;4;8192;"Hyper-v";"no_change"
361;"host411";1;4;16384;"Hyper-v";"no_change"
362;"host412";2;1;12288;"Hyper-v";"no_change"
363;"host413";12;1;32768;"Hyper-v";"no_change"
364;"host414";12;1;32768;"Hyper-v";"no_change"
365;"host415";12;1;24576;"Hyper-v";"no_change"
366;"host416";4;1;8192;"Hyper-v";"no_change"
367;"host417";8;1;65536;"Hyper-v";"no_change"
368;"host418";4;2;32768;"Hyper-v";"no_change"
369;"host419";1;8;8192;"Hyper-v";"no_change"
370;"host420";8;1;16384;"Hyper-v";"no_change"
371;"host421";8;1;16384;"Hyper-v";"no_change"
372;"host422";4;1;12288;"Hyper-v";"no_change"
373;"host423";2;16;65536;"Hyper-v";"no_change"
374;"host424";49;1;65536;"Hyper-v";"no_change"
375;"host425";4;1;16384;"Hyper-v";"no_change"
376;"host426";4;1;8192;"Hyper-v";"no_change"
377;"host427";4;1;8192;"Hyper-v";"no_change"
378;"host428";2;1;20480;"Hyper-v";"no_change"
379;"host429";2;2;8192;"Hyper-v";"no_change"
380;"host430";1;6;24576;"Hyper-v";"no_change"
381;"host431";8;1;32768;"Hyper-v";"no_change"
382;"host432";4;1;24576;"Hyper-v";"no_change"
383;"host433";4;4;16384;"Hyper-v";"no_change"
384;"host434";4;4;16384;"Hyper-v";"no_change"
385;"host435";16;1;613037;"Hyper-v";"no_change"
386;"host436";16;1;214260;"Hyper-v";"no_change"
387;"host437";4;1;81920;"Hyper-v";"no_change"
388;"host438";6;1;24576;"Hyper-v";"no_change"
389;"host439";8;1;40960;"Hyper-v";"no_change"
390;"host440";2;1;12288;"Hyper-v";"no_change"
391;"host441";4;1;16384;"Hyper-v";"no_change"
392;"host442";4;1;16384;"Hyper-v";"no_change"
393;"host443";4;1;16384;"Hyper-v";"no_change"
394;"host444";8;1;32768;"Hyper-v";"no_change"
395;"host445";8;1;65536;"Hyper-v";"no_change"
396;"host446";8;1;65536;"Hyper-v";"no_change"
397;"host447";8;4;131072;"Hyper-v";"no_change"
398;"host448";4;1;16384;"Hyper-v";"no_change"
399;"host449";8;1;32768;"Hyper-v";"no_change"
400;"host450";16;1;200704;"Hyper-v";"no_change"
401;"host451";12;1;32768;"Hyper-v";"no_change"
402;"host452";8;1;32768;"Hyper-v";"no_change"
403;"host453";6;1;262144;"Hyper-v";"no_change"
404;"host454";6;1;12288;"Hyper-v";"no_change"
405;"host455";1;8;15680;"Hyper-v";"no_change"
406;"host456";8;1;32768;"Hyper-v";"no_change"
407;"host457";12;1;73728;"Hyper-v";"no_change"
408;"host458";2;5;32768;"Hyper-v";"no_change"
409;"host459";8;1;65536;"Hyper-v";"no_change"
410;"host460";2;1;12288;"Hyper-v";"no_change"
411;"host461";2;1;7698;"Hyper-v";"no_change"
412;"host462";3;2;16384;"Hyper-v";"no_change"
413;"host463";2;4;65536;"Hyper-v";"no_change"
414;"host464";1;2;8192;"Hyper-v";"no_change"
415;"host465";5;2;24576;"Hyper-v";"no_change"
416;"host466";8;1;16384;"Hyper-v";"no_change"
417;"host467";10;1;32768;"Hyper-v";"no_change"
418;"host468";5;2;24576;"Hyper-v";"no_change"
419;"host469";4;1;11706;"Hyper-v";"no_change"
420;"host470";1;1;4096;"Hyper-v";"no_change"
421;"host471";8;1;32768;"Hyper-v";"no_change"
422;"host472";8;1;32768;"Hyper-v";"no_change"
423;"host473";3;2;32768;"Hyper-v";"no_change"
424;"host474";1;2;8192;"Hyper-v";"no_change"
425;"host475";12;1;67584;"Hyper-v";"no_change"
426;"host476";2;16;131040;"Hyper-v";"no_change"
427;"host477";2;16;131040;"Hyper-v";"no_change"
428;"host478";0;1;0;"Hyper-v";"no_change"
429;"host479";2;2;16384;"Hyper-v";"no_change"
430;"host480";5;2;49152;"Hyper-v";"no_change"
431;"host481";6;1;32768;"Hyper-v";"no_change"
432;"host482";1;1;4096;"Hyper-v";"no_change"
433;"host483";16;1;262144;"Hyper-v";"no_change"
434;"host484";2;2;16384;"Hyper-v";"no_change"
435;"host485";2;2;12288;"Hyper-v";"no_change"
436;"host486";4;1;32768;"Hyper-v";"no_change"
437;"host487";4;2;16384;"Hyper-v";"no_change"
438;"host488";3;1;16384;"Hyper-v";"no_change"
439;"host489";8;1;63889;"Hyper-v";"no_change"
440;"host490";4;1;16384;"Hyper-v";"no_change"
441;"host491";4;1;15730;"Hyper-v";"no_change"
442;"host492";2;2;16384;"Hyper-v";"no_change"
443;"host493";4;2;16384;"Hyper-v";"no_change"
444;"host494";4;2;16384;"Hyper-v";"no_change"
445;"host495";6;1;16384;"Hyper-v";"no_change"
446;"host496";6;1;24576;"Hyper-v";"no_change"
447;"host497";6;1;16384;"Hyper-v";"no_change"
448;"host498";6;1;32768;"Hyper-v";"no_change"
449;"host499";6;1;16384;"Hyper-v";"no_change"
450;"host500";1;1;3634;"Hyper-v";"no_change"
451;"host501";4;2;65536;"Hyper-v";"no_change"
452;"host502";4;2;65536;"Hyper-v";"no_change"
453;"host503";4;1;32768;"Hyper-v";"no_change"
454;"host504";4;1;16384;"Hyper-v";"no_change"
455;"host505";4;1;15950;"Hyper-v";"no_change"
456;"host506";1;2;8192;"Hyper-v";"no_change"
457;"host507";2;16;262112;"Hyper-v";"no_change"
458;"host508";2;2;16384;"Hyper-v";"no_change"
459;"host509";8;4;65536;"Hyper-v";"no_change"
460;"host510";2;12;131072;"Hyper-v";"no_change"
461;"host511";2;3;16384;"Hyper-v";"no_change"
462;"host512";6;2;16384;"Hyper-v";"no_change"
463;"host513";2;1;7654;"Hyper-v";"no_change"
464;"host514";2;4;24576;"Hyper-v";"no_change"
465;"host515";5;2;32768;"Hyper-v";"no_change"
466;"host516";2;16;128274;"Hyper-v";"no_change"
467;"host517";2;4;63762;"Hyper-v";"no_change"
468;"host518";1;4;15706;"Hyper-v";"no_change"
469;"host519";1;2;3666;"Hyper-v";"no_change"
470;"host520";1;3;8192;"Hyper-v";"no_change"
471;"host521";2;4;64306;"Hyper-v";"no_change"
472;"host522";2;1;15762;"Hyper-v";"no_change"
473;"host523";4;1;63890;"Hyper-v";"no_change"
474;"host524";2;2;7698;"Hyper-v";"no_change"
475;"host525";32;1;31882;"Hyper-v";"no_change"
476;"host526";1;2;7698;"Hyper-v";"no_change"
477;"host527";2;2;15762;"Hyper-v";"no_change"
478;"host528";1;4;65536;"Hyper-v";"no_change"
479;"host529";1;2;8192;"Hyper-v";"no_change"
480;"host530";2;4;40960;"Hyper-v";"no_change"
481;"host531";2;2;49152;"Hyper-v";"no_change"
482;"host532";1;8;65536;"Hyper-v";"no_change"
483;"host533";4;8;131072;"Hyper-v";"no_change"
484;"host534";1;8;49152;"Hyper-v";"no_change"
485;"host535";1;4;8192;"Hyper-v";"no_change"
486;"host536";1;2;8192;"Hyper-v";"no_change"
487;"host537";1;2;8192;"Hyper-v";"no_change"
488;"host538";2;8;131072;"Hyper-v";"no_change"
489;"host539";1;8;24576;"Hyper-v";"no_change"
490;"host540";1;4;16384;"Hyper-v";"no_change"
491;"host541";2;4;24576;"Hyper-v";"no_change"
492;"host542";1;8;16384;"Hyper-v";"no_change"
493;"host543";1;4;16384;"Hyper-v";"no_change"
494;"host544";2;8;75776;"Hyper-v";"no_change"
495;"host545";3;2;40960;"Hyper-v";"no_change"
496;"host546";1;4;24576;"Hyper-v";"no_change"
497;"host547";8;0;0;"Hyper-v";"no_change"
498;"host548";1;2;7698;"Hyper-v";"no_change"
499;"host549";3;2;16384;"Hyper-v";"no_change"
500;"host550";4;1;16384;"Hyper-v";"no_change"
501;"host551";4;1;8192;"Hyper-v";"no_change"
502;"host552";4;2;65536;"Hyper-v";"no_change"
503;"host553";1;2;8192;"Hyper-v";"no_change"
504;"host554";8;2;65536;"Hyper-v";"no_change"
