"vm_id";"class";"cpu_count";"cpu_core_count";"ram"
1;"host51";1;2;3666
2;"host52";1;3;8192
3;"host53";2;4;64306
4;"host54";2;1;15762
5;"host55";4;1;63890
6;"host56";2;2;7698
7;"host57";32;1;31882
8;"host58";1;2;7698
9;"host59";2;2;15762
10;"host60";1;4;65536
11;"host61";1;2;8192
12;"host62";2;4;40960
13;"host63";2;2;49152
14;"host64";1;8;65536
15;"host65";4;8;131072
16;"host66";1;8;49152
17;"host67";1;4;8192
18;"host68";1;2;8192
19;"host69";1;2;8192
20;"host70";2;8;131072
21;"host71";1;8;24576
22;"host72";1;4;16384
23;"host73";2;4;24576
24;"host74";1;8;16384
25;"host75";1;4;16384
26;"host76";2;8;75776
27;"host77";3;2;40960
28;"host78";1;4;24576
29;"host79";8;0;0
30;"host80";1;2;7698
31;"host81";3;2;16384
32;"host82";4;1;16384
33;"host83";4;1;8192
34;"host84";4;2;65536
35;"host85";1;2;8192
36;"host86";8;2;65536
37;"host87";2;2;49152
38;"host88";1;2;8192
39;"host89";1;4;32768
40;"host90";1;4;16384
41;"host91";2;8;131072
42;"host92";1;2;8192
43;"host93";2;2;12288
44;"host94";1;1;4096
45;"host95";1;4;8192
46;"host96";2;8;131072
47;"host97";6;1;16384
48;"host98";2;4;65536
49;"host99";2;2;16384
50;"host100";1;3;8192
51;"host101";2;3;8192
52;"host102";2;4;65536
53;"host103";1;4;65536
54;"host104";6;1;32768
55;"host105";2;2;32768
56;"host106";1;2;8192
57;"host107";1;8;49152
58;"host108";1;4;32768
59;"host109";1;2;8192
60;"host110";1;8;40960
61;"host111";4;4;131072
62;"host112";2;12;65536
63;"host113";4;2;65536
64;"host114";4;4;32768
65;"host115";1;4;32768
66;"host116";1;8;65536
67;"host117";1;8;65536
68;"host118";2;4;65536
69;"host119";2;2;24576
70;"host120";2;1;8192
71;"host121";1;2;8192
72;"host122";6;2;65536
73;"host123";1;2;8192
74;"host124";2;12;131072
75;"host125";2;12;131072
76;"host126";4;2;36864
77;"host127";6;1;32768
78;"host128";1;2;40960
79;"host129";1;4;12288
80;"host130";3;8;65536
81;"host131";4;6;131072
82;"host132";4;8;131072
83;"host133";4;6;131072
84;"host134";2;1;8192
85;"host135";4;1;32768
86;"host136";1;8;65536
87;"host137";3;8;65536
88;"host138";3;8;65536
89;"host139";1;8;65536
90;"host140";1;8;49152
91;"host141";3;8;131072
92;"host142";1;1;4096
93;"host143";3;8;131072
94;"host144";1;8;65536
95;"host145";4;1;32768
96;"host146";3;4;98304
97;"host147";2;1;8192
98;"host148";8;0;0
99;"host149";1;2;32768
100;"host150";4;2;32768
101;"host151";1;4;12288
102;"host152";1;8;122880
103;"host153";1;8;65536
104;"host154";4;1;32768
105;"host155";4;2;16384
106;"host156";4;1;32768
107;"host157";4;1;32768
108;"host158";1;4;16384
109;"host159";2;8;65536
110;"host160";4;1;16384
111;"host161";2;1;10240
112;"host162";8;1;131072
113;"host163";4;1;16384
114;"host164";8;1;32768
115;"host165";6;1;32768
116;"host166";1;8;16384
117;"host167";4;2;24576
118;"host168";1;2;3660
119;"host169";2;2;16384
120;"host170";2;2;24576
121;"host171";2;4;65535
122;"host172";3;2;65535
123;"host173";2;4;65535
124;"host174";3;6;65535
125;"host175";3;6;65535
126;"host176";1;4;8192
127;"host177";1;4;16384
128;"host178";2;1;12288
129;"host179";12;1;32768
130;"host180";12;1;32768
131;"host181";12;1;24576
132;"host182";4;1;8192
133;"host183";8;1;65536
134;"host184";4;2;32768
135;"host185";1;8;8192
136;"host186";8;1;16384
137;"host187";8;1;16384
138;"host188";4;1;12288
139;"host189";2;16;65536
140;"host190";49;1;65536
141;"host191";4;1;16384
142;"host192";4;1;8192
143;"host193";4;1;8192
144;"host194";2;1;20480
145;"host195";2;2;8192
146;"host196";1;6;24576
147;"host197";8;1;32768
148;"host198";4;1;24576
149;"host199";4;4;16384
150;"host200";4;4;16384
151;"host201";16;1;613037
152;"host202";16;1;214260
153;"host203";4;1;81920
154;"host204";6;1;24576
155;"host205";8;1;40960
156;"host206";2;1;12288
157;"host207";4;1;16384
158;"host208";4;1;16384
159;"host209";4;1;16384
160;"host210";8;1;32768
161;"host211";8;1;65536
162;"host212";8;1;65536
163;"host213";8;4;131072
164;"host214";4;1;16384
165;"host215";8;1;32768
166;"host216";16;1;200704
167;"host217";12;1;32768
168;"host218";8;1;32768
169;"host219";6;1;262144
170;"host220";6;1;12288
171;"host221";1;8;15680
172;"host222";8;1;32768
173;"host223";12;1;73728
174;"host224";2;5;32768
175;"host225";8;1;65536
176;"host226";2;1;12288
177;"host227";2;1;7698
178;"host228";3;2;16384
179;"host229";2;4;65536
180;"host230";1;2;8192
181;"host231";5;2;24576
182;"host232";8;1;16384
183;"host233";10;1;32768
184;"host234";5;2;24576
185;"host235";4;1;11706
186;"host236";1;1;4096
187;"host237";8;1;32768
188;"host238";8;1;32768
189;"host239";3;2;32768
190;"host240";1;2;8192
191;"host241";12;1;67584
192;"host242";2;16;131040
193;"host243";2;16;131040
194;"host244";0;1;0
195;"host245";2;2;16384
196;"host246";5;2;49152
197;"host247";6;1;32768
198;"host248";1;1;4096
199;"host249";16;1;262144
200;"host250";2;2;16384
201;"host251";2;2;12288
202;"host252";4;1;32768
203;"host253";4;2;16384
204;"host254";3;1;16384
205;"host255";8;1;63889
206;"host256";4;1;16384
207;"host257";4;1;15730
208;"host258";2;2;16384
209;"host259";4;2;16384
210;"host260";4;2;16384
211;"host261";6;1;16384
212;"host262";6;1;24576
213;"host263";6;1;16384
214;"host264";6;1;32768
215;"host265";6;1;16384
216;"host266";1;1;3634
217;"host267";4;2;65536
218;"host268";4;2;65536
219;"host269";4;1;32768
220;"host270";4;1;16384
221;"host271";4;1;15950
222;"host272";1;2;8192
223;"host273";2;16;262112
224;"host274";2;2;16384
225;"host275";8;4;65536
226;"host276";2;12;131072
227;"host277";2;3;16384
228;"host278";6;2;16384
229;"host279";2;1;7654
230;"host280";2;4;24576
231;"host281";5;2;32768
232;"host282";2;16;128274
233;"host283";2;4;63762
234;"host284";1;4;15706
235;"host285";1;2;3666
236;"host286";1;3;8192
237;"host287";2;4;64306
238;"host288";2;1;15762
239;"host289";4;1;63890
240;"host290";2;2;7698
241;"host291";32;1;31882
242;"host292";1;2;7698
243;"host293";2;2;15762
244;"host294";1;4;65536
245;"host295";1;2;8192
246;"host296";2;4;40960
247;"host297";2;2;49152
248;"host298";1;8;65536
249;"host299";4;8;131072
250;"host300";1;8;49152
251;"host301";1;4;8192
252;"host302";1;2;8192
253;"host303";1;2;8192
254;"host304";2;8;131072
255;"host305";1;8;24576
256;"host306";1;4;16384
257;"host307";2;4;24576
258;"host308";1;8;16384
259;"host309";1;4;16384
260;"host310";2;8;75776
261;"host311";3;2;40960
262;"host312";1;4;24576
263;"host313";8;0;0
264;"host314";1;2;7698
265;"host315";3;2;16384
266;"host316";4;1;16384
267;"host317";4;1;8192
268;"host318";4;2;65536
269;"host319";1;2;8192
270;"host320";8;2;65536
271;"host321";2;2;49152
272;"host322";1;2;8192
273;"host323";1;4;32768
274;"host324";1;4;16384
275;"host325";2;8;131072
276;"host326";1;2;8192
277;"host327";2;2;12288
278;"host328";1;1;4096
279;"host329";1;4;8192
280;"host330";2;8;131072
281;"host331";6;1;16384
282;"host332";2;4;65536
283;"host333";2;2;16384
284;"host334";1;3;8192
285;"host335";2;3;8192
286;"host336";2;4;65536
287;"host337";1;4;65536
288;"host338";6;1;32768
289;"host339";2;2;32768
290;"host340";1;2;8192
291;"host341";1;8;49152
292;"host342";1;4;32768
293;"host343";1;2;8192
294;"host344";1;8;40960
295;"host345";4;4;131072
296;"host346";2;12;65536
297;"host347";4;2;65536
298;"host348";4;4;32768
299;"host349";1;4;32768
300;"host350";1;8;65536
301;"host351";1;8;65536
302;"host352";2;4;65536
303;"host353";2;2;24576
304;"host354";2;1;8192
305;"host355";1;2;8192
306;"host356";6;2;65536
307;"host357";1;2;8192
308;"host358";2;12;131072
309;"host359";2;12;131072
310;"host360";4;2;36864
311;"host361";6;1;32768
312;"host362";1;2;40960
313;"host363";1;4;12288
314;"host364";3;8;65536
315;"host365";4;6;131072
316;"host366";4;8;131072
317;"host367";4;6;131072
318;"host368";2;1;8192
319;"host369";4;1;32768
320;"host370";1;8;65536
321;"host371";3;8;65536
322;"host372";3;8;65536
323;"host373";1;8;65536
324;"host374";1;8;49152
325;"host375";3;8;131072
326;"host376";1;1;4096
327;"host377";3;8;131072
328;"host378";1;8;65536
329;"host379";4;1;32768
330;"host380";3;4;98304
331;"host381";2;1;8192
332;"host382";8;0;0
333;"host383";1;2;32768
334;"host384";4;2;32768
335;"host385";1;4;12288
336;"host386";1;8;122880
337;"host387";1;8;65536
338;"host388";4;1;32768
339;"host389";4;2;16384
340;"host390";4;1;32768
341;"host391";4;1;32768
342;"host392";1;4;16384
343;"host393";2;8;65536
344;"host394";4;1;16384
345;"host395";2;1;10240
346;"host396";8;1;131072
347;"host397";4;1;16384
348;"host398";8;1;32768
349;"host399";6;1;32768
350;"host400";1;8;16384
351;"host401";4;2;24576
352;"host402";1;2;3660
353;"host403";2;2;16384
354;"host404";2;2;24576
355;"host405";2;4;65535
356;"host406";3;2;65535
357;"host407";2;4;65535
358;"host408";3;6;65535
359;"host409";3;6;65535
360;"host410";1;4;8192
361;"host411";1;4;16384
362;"host412";2;1;12288
363;"host413";12;1;32768
364;"host414";12;1;32768
365;"host415";12;1;24576
366;"host416";4;1;8192
367;"host417";8;1;65536
368;"host418";4;2;32768
369;"host419";1;8;8192
370;"host420";8;1;16384
371;"host421";8;1;16384
372;"host422";4;1;12288
373;"host423";2;16;65536
374;"host424";49;1;65536
375;"host425";4;1;16384
376;"host426";4;1;8192
377;"host427";4;1;8192
378;"host428";2;1;20480
379;"host429";2;2;8192
380;"host430";1;6;24576
381;"host431";8;1;32768
382;"host432";4;1;24576
383;"host433";4;4;16384
384;"host434";4;4;16384
385;"host435";16;1;613037
386;"host436";16;1;214260
387;"host437";4;1;81920
388;"host438";6;1;24576
389;"host439";8;1;40960
390;"host440";2;1;12288
391;"host441";4;1;16384
392;"host442";4;1;16384
393;"host443";4;1;16384
394;"host444";8;1;32768
395;"host445";8;1;65536
396;"host446";8;1;65536
397;"host447";8;4;131072
398;"host448";4;1;16384
399;"host449";8;1;32768
400;"host450";16;1;200704
401;"host451";12;1;32768
402;"host452";8;1;32768
403;"host453";6;1;262144
404;"host454";6;1;12288
405;"host455";1;8;15680
406;"host456";8;1;32768
407;"host457";12;1;73728
408;"host458";2;5;32768
409;"host459";8;1;65536
410;"host460";2;1;12288
411;"host461";2;1;7698
412;"host462";3;2;16384
413;"host463";2;4;65536
414;"host464";1;2;8192
415;"host465";5;2;24576
416;"host466";8;1;16384
417;"host467";10;1;32768
418;"host468";5;2;24576
419;"host469";4;1;11706
420;"host470";1;1;4096
421;"host471";8;1;32768
422;"host472";8;1;32768
423;"host473";3;2;32768
424;"host474";1;2;8192
425;"host475";12;1;67584
426;"host476";2;16;131040
427;"host477";2;16;131040
428;"host478";0;1;0
429;"host479";2;2;16384
430;"host480";5;2;49152
431;"host481";6;1;32768
432;"host482";1;1;4096
433;"host483";16;1;262144
434;"host484";2;2;16384
435;"host485";2;2;12288
436;"host486";4;1;32768
437;"host487";4;2;16384
438;"host488";3;1;16384
439;"host489";8;1;63889
440;"host490";4;1;16384
441;"host491";4;1;15730
442;"host492";2;2;16384
443;"host493";4;2;16384
444;"host494";4;2;16384
445;"host495";6;1;16384
446;"host496";6;1;24576
447;"host497";6;1;16384
448;"host498";6;1;32768
449;"host499";6;1;16384
450;"host500";1;1;3634
451;"host501";4;2;65536
452;"host502";4;2;65536
453;"host503";4;1;32768
454;"host504";4;1;16384
455;"host505";4;1;15950
456;"host506";1;2;8192
457;"host507";2;16;262112
458;"host508";2;2;16384
459;"host509";8;4;65536
460;"host510";2;12;131072
461;"host511";2;3;16384
462;"host512";6;2;16384
463;"host513";2;1;7654
464;"host514";2;4;24576
465;"host515";5;2;32768
466;"host516";2;16;128274
467;"host517";2;4;63762
468;"host518";1;4;15706
469;"host519";1;2;3666
470;"host520";1;3;8192
471;"host521";2;4;64306
472;"host522";2;1;15762
473;"host523";4;1;63890
474;"host524";2;2;7698
475;"host525";32;1;31882
476;"host526";1;2;7698
477;"host527";2;2;15762
478;"host528";1;4;65536
479;"host529";1;2;8192
480;"host530";2;4;40960
481;"host531";2;2;49152
482;"host532";1;8;65536
483;"host533";4;8;131072
484;"host534";1;8;49152
485;"host535";1;4;8192
486;"host536";1;2;8192
487;"host537";1;2;8192
488;"host538";2;8;131072
489;"host539";1;8;24576
490;"host540";1;4;16384
491;"host541";2;4;24576
492;"host542";1;8;16384
493;"host543";1;4;16384
494;"host544";2;8;75776
495;"host545";3;2;40960
496;"host546";1;4;24576
497;"host547";8;0;0
498;"host548";1;2;7698
499;"host549";3;2;16384
500;"host550";4;1;16384
501;"host551";4;1;8192
502;"host552";4;2;65536
503;"host553";1;2;8192
504;"host554";8;2;65536
